Group No;Group Name;Name;Sub Name;Repeater Call Sign;Gateway Call Sign;Frequency;Dup;Offset;Mode;TONE;Repeater Tone;RPT1USE;Position;Latitude;Longitude;UTC Offset
1;Acre;Rio Branco;;PU8JAA;;146,520000;DUP-;0,000000;FM;OFF;88,5Hz;YES;Approximate;-9,986533;-67,843050;-5:00
2;Alagoas;Maceio;;PU7AAA;;146,520000;DUP-;0,000000;FM;OFF;88,5Hz;YES;Approximate;-9,666033;-35,735233;-3:00
3;Amapa;Macapa;;PQ8AA;;147,210000;DUP+;0,600000;FM;OFF;88,5Hz;YES;Approximate;0,034517;-51,065700;-3:00
3;Amapa;Macapa;;PQ8AAA;;147,100000;DUP+;0,600000;FM;OFF;88,5Hz;YES;Approximate;0,034517;-51,065700;-3:00
3;Amapa;Macapa;;PQ8AK;;146,810000;DUP-;0,600000;FM;OFF;88,5Hz;YES;Approximate;0,034517;-51,065700;-3:00
3;Amapa;Macapa;;PQ8RAN;;146,630000;DUP-;0,600000;FM;TONE;88,5Hz;YES;Approximate;0,034517;-51,065700;-3:00
4;Amazonas;Manaus;LABRE;PP8AAA;;146,910000;DUP-;0,600000;FM;OFF;88,5Hz;YES;Approximate;-3,123850;-60,020583;-4:00
4;Amazonas;Manaus;;PP8LAB;;146,950000;DUP+;0,600000;FM;OFF;88,5Hz;YES;Approximate;-3,123850;-60,020583;-4:00
5;Bahia;Araci;;PY6CDM;;439,150000;DUP-;5,000000;FM;OFF;88,5Hz;YES;Approximate;-11,336783;-38,963250;-3:00
5;Bahia;Camacari;;PY6AD;;145,210000;DUP-;0,600000;FM;TONE;123,0Hz;YES;Approximate;-12,693583;-38,323383;-3:00
5;Bahia;Camacari;;PY6MDC;;439,250000;DUP-;5,000000;FM;OFF;88,5Hz;YES;Approximate;-12,693583;-38,323383;-3:00
5;Bahia;Castro Alves;;PY6QG;;145,290000;DUP-;0,600000;FM;TONE;88,5Hz;YES;Approximate;-12,764383;-39,425733;-3:00
5;Bahia;Conde;;PY6MA;;147,390000;DUP+;0,600000;FM;TONE;88,5Hz;YES;Approximate;-11,826100;-37,635100;-3:00
5;Bahia;Entre Rios;;PY6ER;;145,270000;DUP-;0,600000;FM;OFF;88,5Hz;YES;Approximate;-11,943917;-38,081250;-3:00
5;Bahia;Feira de Santana;;PY6QB;;146,970000;DUP-;0,600000;FM;TONE;88,5Hz;YES;Approximate;-12,255383;-38,955683;-3:00
5;Bahia;Feira de Santana;;PY6VU;;147,270000;DUP+;0,600000;FM;TONE;88,5Hz;YES;Approximate;-12,255383;-38,955683;-3:00
5;Bahia;Porto Seguro;;PY6CG;;146,910000;DUP-;0,600000;FM;OFF;88,5Hz;YES;Approximate;-16,444350;-39,065350;-3:00
5;Bahia;Salvador;;PY6CQ;;146,950000;DUP-;0,600000;FM;OFF;88,5Hz;YES;Approximate;-12,996767;-38,473767;-3:00
5;Bahia;Salvador;;PY6CT;;146,670000;DUP-;0,600000;FM;TONE;88,5Hz;YES;Approximate;-12,996767;-38,473767;-3:00
5;Bahia;Salvador;;PY6MR;;146,610000;DUP-;0,600000;FM;TONE;100,0Hz;YES;Approximate;-12,996767;-38,473767;-3:00
5;Bahia;Santa Teresinha;;PY6BQ;;146,730000;DUP-;0,600000;FM;OFF;88,5Hz;YES;Approximate;-12,778800;-39,503433;-3:00
5;Bahia;Simoes Filho;;PY6RSF;;145,350000;DUP-;0,600000;FM;OFF;88,5Hz;YES;Approximate;-12,996767;-38,473767;-3:00
5;Bahia;Tanquinho;;PU6AAA;;145,000000;DUP-;0,000000;FM;OFF;88,5Hz;YES;Approximate;-11,975900;-39,104667;-3:00
6;Ceara;Caririacu;;PT7CAR;;439,050000;DUP-;5,000000;FM;TONE;67,0Hz;YES;Approximate;-7,039500;-39,211667;-3:00
6;Ceara;Caririacu;;PT7LDC;;147,240000;DUP+;0,600000;FM;TONE;79,7Hz;YES;Approximate;-7,039500;-39,211667;-3:00
6;Ceara;Fortaleza;;PT7LAB;;146,950000;DUP-;0,600000;FM;TONE;79,7Hz;YES;Approximate;-3,728333;-38,538883;-3:00
6;Ceara;Fortaleza;;PT7LOB;;439,950000;DUP-;5,000000;FM;TONE;67,0Hz;YES;Approximate;-3,726700;-38,528600;-3:00
6;Ceara;Fortaleza;;PT7RPX;;146,610000;DUP-;0,600000;FM;TONE;79,7Hz;YES;Approximate;-3,728600;-38,538883;-3:00
6;Ceara;Fortaleza;;PT7TEL;;145,290000;DUP-;0,600000;FM;TONE;79,7Hz;YES;Approximate;-3,724000;-38,537500;-3:00
6;Ceara;Guaramiranga;;PT7RPC;;146,750000;DUP-;0,600000;FM;TONE;79,7Hz;YES;Approximate;-4,208217;-38,974083;-3:00
6;Ceara;Guaramiranga;;PT7RPN;;439,200000;DUP-;5,000000;FM;TONE;67,0Hz;YES;Approximate;-4,208217;-38,974083;-3:00
6;Ceara;Iguatu;;PT7CPD;;147,000000;DUP+;0,600000;FM;OFF;88,5Hz;YES;Approximate;-6,383133;-39,125183;-3:00
6;Ceara;Itaicaba;;PT7BIT;;439,900000;DUP-;5,000000;FM;TONE;67,0Hz;YES;Approximate;-4,683833;-37,844500;-3:00
6;Ceara;Itaicaba;;PT7SAL;;145,230000;DUP-;0,600000;FM;TONE;79,7Hz;YES;Approximate;-4,683833;-37,844500;-3:00
6;Ceara;Itapipoca;;PT7ITA;;145,410000;DUP-;0,600000;FM;TONE;79,7Hz;YES;Approximate;-3,523667;-39,604833;-3:00
6;Ceara;Itapipoca;;PT7ITU;;439,700000;DUP-;5,000000;FM;TONE;67,0Hz;YES;Approximate;-3,523667;-39,604833;-3:00
6;Ceara;Juazeiro d Norte;;PT7SOB;;146,850000;DUP-;0,600000;FM;TONE;79,7Hz;YES;Approximate;-7,179500;-39,325667;-3:00
6;Ceara;Limoeiro d Norte;;PT7EDM;;145,210000;DUP-;0,600000;FM;TONE;79,7Hz;YES;Approximate;-5,193167;-38,053167;-3:00
6;Ceara;Maranguape;;PT7RMF;;439,950000;DUP-;5,000000;FM;TONE;67,0Hz;YES;Approximate;-3,970833;-38,642167;-3:00
6;Ceara;Meruoca;;PT7RPD;;145,250000;DUP+;0,600000;FM;TONE;79,7Hz;YES;Approximate;-3,601167;-40,459167;-3:00
6;Ceara;Meruoca;UHF;PT7NOR;;439,750000;DUP-;5,000000;FM;TONE;67,0Hz;YES;Approximate;-3,601167;-40,459167;-3:00
6;Ceara;Meruoca;VHF;PT7NOR;;147,270000;DUP+;0,600000;FM;TONE;88,5Hz;YES;Approximate;-3,601167;-40,459167;-3:00
6;Ceara;Oros;UHF;PT7RPA;;439,750000;DUP-;5,000000;FM;TONE;88,5Hz;YES;Approximate;-6,191333;-38,891833;-3:00
6;Ceara;Oros;VHF;PT7RPA;;145,450000;DUP-;0,600000;FM;TONE;88,5Hz;YES;Approximate;-6,191333;-38,891833;-3:00
6;Ceara;Quixeramobim;;PT7EOR;;146,730000;DUP-;0,600000;FM;OFF;88,5Hz;YES;Approximate;-5,096383;-39,249717;-3:00
6;Ceara;Quixeramobim;;PT7SOL;;145,350000;DUP-;0,600000;FM;TONE;79,7Hz;YES;Approximate;-5,068883;-39,267217;-3:00
6;Ceara;Tamboril;;PT7CRC;;145,390000;DUP-;0,600000;FM;TONE;79,7Hz;YES;Approximate;-4,835000;-40,156000;-3:00
6;Ceara;Tamboril;;PT7TAB;;439,025000;DUP-;5,000000;FM;TONE;67,0Hz;YES;Approximate;-4,835000;-40,156000;-3:00
6;Ceara;Ubajara;;PT7APA;;145,310000;DUP-;0,600000;FM;TONE;79,7Hz;YES;Approximate;-3,800500;-40,905833;-3:00
6;Ceara;Vicosa Ceara;;PT7NRK;;145,310000;DUP-;0,600000;FM;TONE;79,7Hz;YES;Approximate;-3,551167;-41,106667;-3:00
7;Distrito Federal;Brasilia - AAS;VHF;PT2AAS;;145,210000;DUP-;0,600000;FM;OFF;88,5Hz;YES;Approximate;-15,778483;-47,928683;-3:00
7;Distrito Federal;Brasilia - AAT;VHF;PT2AAT;;146,950000;DUP-;0,600000;FM;TONE;88,5Hz;YES;Approximate;-15,778483;-47,928683;-3:00
7;Distrito Federal;Brasilia - DIG;UHF;PT2DIG;;439,850000;DUP-;5,000000;FM;OFF;88,5Hz;YES;Approximate;-15,778483;-47,928683;-3:00
7;Distrito Federal;Brasilia - GPE;VHF;PT2GPE;;147,210000;DUP+;0,600000;FM;OFF;88,5Hz;YES;Approximate;-15,778483;-47,928683;-3:00
7;Distrito Federal;Brasilia - GPF;VHF;PT2GPF;;146,830000;DUP-;0,600000;FM;OFF;88,5Hz;YES;Approximate;-15,778483;-47,928683;-3:00
7;Distrito Federal;Brasilia - MTD;VHF;PT2MTD;;146,610000;DUP-;0,600000;FM;OFF;88,5Hz;YES;Approximate;-15,778483;-47,928683;-3:00
7;Distrito Federal;Brasilia - OKK;VHF;PT2OKK;;145,330000;DUP-;0,600000;FM;OFF;88,5Hz;YES;Approximate;-15,778483;-47,928683;-3:00
7;Distrito Federal;Brasilia - VHJ;VHF;PT2VHJ;;145,230000;DUP-;0,600000;FM;OFF;88,5Hz;YES;Approximate;-15,778483;-47,928683;-3:00
7;Distrito Federal;Brasilia - GDX;UHF;PT2GDX;;439,975000;DUP-;5,000000;FM;TONE;88,5Hz;YES;Approximate;-15,778483;-47,928683;-3:00
7;Distrito Federal;Brasilia - JWW;UHF;PT2JWW;;439,450000;DUP-;5,000000;FM;OFF;88,5Hz;YES;Approximate;-15,778483;-47,928683;-3:00
7;Distrito Federal;Brasilia - LRR;UHF;PT2LRR;;439,525000;DUP-;5,000000;FM;OFF;88,5Hz;YES;Approximate;-15,778483;-47,928683;-3:00
7;Distrito Federal;Brasilia - RAP;UHF;PT2RAP;;439,650000;DUP-;5,000000;FM;OFF;88,5Hz;YES;Approximate;-15,778483;-47,928683;-3:00
7;Distrito Federal;Brasilia - GDX;VHF;PT2GDX;;145,290000;DUP-;0,600000;FM;TONE;88,5Hz;YES;Approximate;-15,778483;-47,928683;-3:00
7;Distrito Federal;Brasilia - JWW;VHF;PT2JWW;;145,450000;DUP-;0,600000;FM;OFF;88,5Hz;YES;Approximate;-15,778483;-47,928683;-3:00
7;Distrito Federal;Brasilia - LRR;VHF;PT2LRR;;147,120000;DUP+;0,600000;FM;OFF;88,5Hz;YES;Approximate;-15,778483;-47,928683;-3:00
7;Distrito Federal;Brasilia - RAP;VHF;PT2RAP;;146,650000;DUP-;0,600000;FM;OFF;88,5Hz;YES;Approximate;-15,778483;-47,928683;-3:00
8;Espirito Santo;Colatina;;PP1RPT;;146,790000;DUP-;0,600000;FM;OFF;88,5Hz;YES;Approximate;-19,538400;-40,632700;-3:00
8;Espirito Santo;Domingos Martins;;PP1II;;145,250000;DUP-;0,600000;FM;OFF;88,5Hz;YES;Approximate;-20,362600;-40,659000;-3:00
8;Espirito Santo;Joao Neiva;;PP1AVJ;;147,390000;DUP+;0,600000;FM;OFF;88,5Hz;YES;Approximate;-19,933000;-40,595683;-3:00
8;Espirito Santo;Joao Neiva;;PP1MC;;145,210000;DUP-;0,600000;FM;OFF;88,5Hz;YES;Approximate;-19,830783;-40,361167;-3:00
8;Espirito Santo;Santa Teresa;;PP1STA;;145,270000;DUP-;0,600000;FM;TONE;88,5Hz;YES;Approximate;-19,989000;-40,578967;-3:00
8;Espirito Santo;Sao Mateus;;PP1LU;;145,470000;DUP-;0,600000;FM;OFF;88,5Hz;YES;Approximate;-18,716667;-39,859100;-3:00
8;Espirito Santo;Vila Velha;;PP1CG;;146,870000;DUP-;0,600000;FM;OFF;88,5Hz;YES;Approximate;-20,330467;-40,291900;-3:00
8;Espirito Santo;Vitoria;;PP1ARE;;147,330000;DUP+;0,600000;FM;OFF;88,5Hz;YES;Approximate;-20,294200;-40,301467;-3:00
9;Goias;Anapolis;;PP2PM;;147,150000;DUP+;0,600000;FM;OFF;88,5Hz;YES;Approximate;-16,328683;-48,952883;-3:00
9;Goias;Anapolis;;PP2PU;;146,970000;DUP-;0,600000;FM;OFF;88,5Hz;YES;Approximate;-16,328683;-48,952883;-3:00
9;Goias;Anapolis;;PP2SP;;146,790000;DUP-;0,600000;FM;OFF;88,5Hz;YES;Approximate;-16,404550;-48,978050;-3:00
9;Goias;Cristalina;;PP2CLK;;145,490000;DUP-;0,600000;FM;TONE;88,5Hz;YES;Approximate;-16,767783;-47,607200;-3:00
9;Goias;Goiania;;PP2ARK;;145,250000;DUP-;0,600000;FM;OFF;88,5Hz;YES;Approximate;-16,679500;-49,256300;-3:00
9;Goias;Goiania;;PP2CB;;146,710000;DUP-;0,600000;FM;OFF;88,5Hz;YES;Approximate;-16,704267;-49,108283;-3:00
9;Goias;Goiania;;PP2RGO;;146,910000;DUP-;0,600000;FM;OFF;88,5Hz;YES;Approximate;-16,704267;-49,108283;-3:00
9;Goias;Goiania;;PP2RGY;;145,370000;DUP-;0,600000;FM;OFF;88,5Hz;YES;Approximate;-16,679300;-49,256300;-3:00
9;Goias;Goiania;;PP2RPT;;147,000000;DUP+;0,600000;FM;OFF;88,5Hz;YES;Approximate;-16,686883;-49,264767;-3:00
9;Goias;Jandaia;;PP2GRG;;147,030000;DUP+;0,600000;FM;OFF;88,5Hz;YES;Approximate;-17,044000;-50,107883;-3:00
9;Goias;Senador Canedo;;PP2RX;;145,230000;DUP-;0,600000;FM;TONE;100,0Hz;YES;Approximate;-16,700133;-49,099933;-3:00
10;Maranhao;Bacabal;;PR8VHF;;147,120000;DUP+;0,600000;FM;OFF;88,5Hz;YES;Approximate;-4,221717;-44,780100;-3:00
10;Maranhao;Sao Luis;;PR8AAA;;147,330000;DUP+;0,600000;FM;OFF;88,5Hz;YES;Approximate;-2,555000;-44,336467;-3:00
10;Maranhao;Sao Luis;;PR8DSM;;146,950000;DUP-;0,600000;FM;OFF;88,5Hz;YES;Approximate;-2,555000;-44,336467;-3:00
10;Maranhao;Timon;;PR8RMP;;145,290000;DUP-;0,600000;FM;OFF;88,5Hz;YES;Approximate;-5,094967;-42,836883;-3:00
11;Mato Grosso;Cuiaba;;PY9MSJ;;146,710000;DUP-;0,600000;FM;OFF;88,5Hz;YES;Approximate;-15,599100;-56,095000;-4:00
12;Mato Grosso Sul;Aquidauana;;PT9CPK;;145,270000;DUP-;0,600000;FM;OFF;88,5Hz;YES;Approximate;-20,475500;-55,786567;-4:00
12;Mato Grosso Sul;Aquidauana;;PT9PAN;;145,330000;DUP-;0,600000;FM;OFF;88,5Hz;YES;Approximate;-20,475500;-55,786567;-4:00
12;Mato Grosso Sul;Campo Grande;;PT9CGD;;147,210000;DUP+;0,600000;FM;OFF;88,5Hz;YES;Approximate;-20,479533;-54,616350;-4:00
12;Mato Grosso Sul;Campo Grande;;PT9ICG;;147,180000;DUP+;0,600000;FM;TONE;74,4Hz;YES;Approximate;-20,418567;-54,562967;-4:00
12;Mato Grosso Sul;Dourados;UHF;PT9DDS;;439,600000;DUP-;5,000000;FM;OFF;88,5Hz;YES;Approximate;-22,235350;-54,819950;-4:00
12;Mato Grosso Sul;Dourados;VHF;PT9DDS;;146,610000;DUP-;0,600000;FM;OFF;88,5Hz;YES;Approximate;-22,235350;-54,819950;-4:00
12;Mato Grosso Sul;Maracaju;;PT9MJU;;147,150000;DUP+;0,600000;FM;OFF;88,5Hz;YES;Approximate;-21,631267;-55,293383;-4:00
12;Mato Grosso Sul;Nova Alv. do Sul;;PT9STL;;145,310000;DUP-;0,600000;FM;OFF;88,5Hz;YES;Approximate;-21,466800;-54,378883;-4:00
12;Mato Grosso Sul;Paranaiba;;PT9PBA;;147,090000;DUP+;0,600000;FM;TONE;100,0Hz;YES;Approximate;-19,690667;-51,175667;-4:00
13;Minas Gerais;Alfenas;;PY4KTD;;146,830000;DUP-;0,600000;FM;TONE;77,0Hz;YES;Approximate;-21,462000;-45,872883;-3:00
13;Minas Gerais;Astolfo Dutra;;PY4RFA;;147,330000;DUP+;0,600000;FM;TONE;71,9Hz;YES;Approximate;-21,333400;-42,858600;-3:00
13;Minas Gerais;Barbacena;;PY4SWM;;439,475000;DUP-;5,000000;FM;OFF;88,5Hz;YES;Approximate;-21,221950;-43,772433;-3:00
13;Minas Gerais;Barroso;;PY4BAR;;147,060000;DUP+;0,600000;FM;OFF;88,5Hz;YES;Approximate;-21,189800;-43,976683;-3:00
13;Minas Gerais;Belo Horizonte;;PY4RHC;;146,770000;DUP-;0,600000;FM;OFF;88,5Hz;YES;Approximate;-19,945400;-43,932700;-3:00
13;Minas Gerais;Belo Horizonte;;PY4ROP;;146,730000;DUP-;0,600000;FM;OFF;88,5Hz;YES;Approximate;-19,945400;-43,932700;-3:00
13;Minas Gerais;Belo Horizonte;;PY4RPF B;PY4RPF G;439,900000;DUP-;5,000000;DV;OFF;88,5Hz;YES;Approximate;-19,946100;-43,896650;-3:00
13;Minas Gerais;Belo Horizonte;;PY4RPW;;147,120000;DUP+;0,600000;FM;OFF;88,5Hz;YES;Approximate;-19,945400;-43,932700;-3:00
13;Minas Gerais;Belo Horizonte;;PY4RPZ;;439,975000;DUP-;5,000000;FM;OFF;88,5Hz;YES;Approximate;-19,945400;-43,932700;-3:00
13;Minas Gerais;Belo Horizonte;;PY4RVM;;146,870000;DUP-;0,600000;FM;OFF;88,5Hz;YES;Approximate;-19,945400;-43,932700;-3:00
13;Minas Gerais;Bom Sucesso;;PY4RBZ;;439,450000;DUP-;5,000000;FM;OFF;88,5Hz;YES;Approximate;-20,952717;-44,720417;-3:00
13;Minas Gerais;Bom Sucesso;;PY4RLB;;147,330000;DUP+;0,600000;FM;OFF;88,5Hz;YES;Approximate;-20,952717;-44,720417;-3:00
13;Minas Gerais;Bueno Brandao;;PY4RBB;;146,750000;DUP-;0,600000;FM;TONE;67,0Hz;YES;Approximate;-22,441900;-46,353583;-3:00
13;Minas Gerais;Caete;;PY4RMN;;147,360000;DUP+;0,600000;FM;OFF;88,5Hz;YES;Approximate;-19,884767;-43,665500;-3:00
13;Minas Gerais;Caete;;PY4RPR;;146,950000;DUP-;0,600000;FM;TONE;77,0Hz;YES;Approximate;-19,884767;-43,665500;-3:00
13;Minas Gerais;Caete;;PY4RPX;;439,950000;DUP-;5,000000;FM;OFF;88,5Hz;YES;Approximate;-19,884767;-43,665500;-3:00
13;Minas Gerais;Camanducaia;;PY4REG;;439,250000;DUP-;0,600000;FM;OFF;88,5Hz;YES;Approximate;-22,630100;-46,019400;-3:00
13;Minas Gerais;Campo Belo;;PY4RC;;146,710000;DUP-;0,600000;FM;OFF;88,5Hz;YES;Approximate;-20,855667;-45,270983;-3:00
13;Minas Gerais;Caratinga;;PY4RCA;;146,710000;DUP-;0,600000;FM;OFF;88,5Hz;YES;Approximate;-19,790367;-42,139300;-3:00
13;Minas Gerais;Carmo da Mata;;PY4RDV;;146,850000;DUP-;0,600000;FM;OFF;88,5Hz;YES;Approximate;-20,590783;-44,852100;-3:00
13;Minas Gerais;Corrego B. Jesus;;PY4KBH C;PY4KBH G;145,430000;DUP-;0,600000;DV;OFF;88,5Hz;YES;Approximate;-22,688167;-45,955667;-3:00
13;Minas Gerais;Corrego B. Jesus;;PY4RSD;;147,210000;DUP+;0,600000;FM;TONE;67,0Hz;YES;Approximate;-22,630100;-46,019400;-3:00
13;Minas Gerais;Divinopolis;;PY4REP;;146,750000;DUP-;0,600000;FM;OFF;88,5Hz;YES;Approximate;-20,145067;-44,891600;-3:00
13;Minas Gerais;Estiva;;PY4ALV B;PY4ALV G;439,750000;DUP-;5,000000;DV;OFF;88,5Hz;YES;Approximate;-22,422000;-46,003167;-3:00
13;Minas Gerais;Extrema;;PY4FA;;146,870000;DUP-;0,600000;FM;TONE;82,5Hz;YES;Approximate;-22,880817;-46,307750;-3:00
13;Minas Gerais;Extrema;;PY4RE;;439,125000;DUP-;5,000000;FM;TONE;91,5Hz;YES;Approximate;-22,864850;-46,298300;-3:00
13;Minas Gerais;Formiga;;PY4FGA;;145,470000;DUP-;0,600000;FM;TONE;82,5Hz;YES;Approximate;-20,465333;-45,425383;-3:00
13;Minas Gerais;Formiga;;PY4RUF;;439,500000;DUP-;5,000000;FM;TONE;82,5Hz;YES;Approximate;-20,465333;-45,425383;-3:00
13;Minas Gerais;Gov. Valadares;;PY4RPT;;145,290000;DUP-;0,600000;FM;TONE;82,5Hz;YES;Approximate;-18,850500;-41,948100;-3:00
13;Minas Gerais;Ipanema;;PY4REO;;147,090000;DUP+;0,600000;FM;OFF;88,5Hz;YES;Approximate;-19,874300;-41,722167;-3:00
13;Minas Gerais;Ipatinga;;PY4RJI;;145,390000;DUP-;0,600000;FM;OFF;88,5Hz;YES;Approximate;-19,468200;-42,536700;-3:00
13;Minas Gerais;Ipatinga;;PY4VDA;;147,330000;DUP+;0,600000;FM;TONE;88,5Hz;YES;Approximate;-19,463167;-42,559233;-3:00
13;Minas Gerais;Itajuba;;PY4RIT;;146,690000;DUP-;0,600000;FM;TONE;97,4Hz;YES;Approximate;-22,426900;-45,452883;-3:00
13;Minas Gerais;Jaboticatubas;;PY4RML;;439,975000;DUP-;5,000000;FM;OFF;88,5Hz;YES;Approximate;-19,517083;-43,747600;-3:00
13;Minas Gerais;Jaboticatubas;;PY4RSC;;147,390000;DUP+;0,600000;FM;OFF;88,5Hz;YES;Approximate;-19,517083;-43,747600;-3:00
13;Minas Gerais;Jacutinga;;PY4RJB;;145,410000;DUP-;0,600000;FM;TONE;77,0Hz;YES;Approximate;-22,215833;-46,624717;-3:00
13;Minas Gerais;Jacutinga;UHF;PY4RTR;;439,075000;DUP-;5,000000;FM;TONE;67,0Hz;YES;Approximate;-22,306600;-46,635383;-3:00
13;Minas Gerais;Jacutinga;VHF;PY4RTR;;145,290000;DUP-;0,600000;FM;TONE;67,0Hz;YES;Approximate;-22,306600;-46,635383;-3:00
13;Minas Gerais;Lavras;;PY4RSB;;146,670000;DUP-;0,600000;FM;OFF;88,5Hz;YES;Approximate;-21,245800;-44,999800;-3:00
13;Minas Gerais;Mariana;;PY4RMA;;439,800000;DUP-;5,000000;FM;OFF;88,5Hz;YES;Approximate;-20,385200;-43,503700;-3:00
13;Minas Gerais;Mateus Leme;;PY4RSE;;147,270000;DUP+;0,600000;FM;OFF;88,5Hz;YES;Approximate;-19,989500;-44,431400;-3:00
13;Minas Gerais;Matutina;;PY4RTG;;145,330000;DUP-;0,600000;FM;TONE;88,5Hz;YES;Approximate;-19,266833;-45,972500;-3:00
13;Minas Gerais;Mirai;;PY4RPP;;147,300000;DUP+;0,600000;FM;OFF;88,5Hz;YES;Approximate;-21,208200;-42,628883;-3:00
13;Minas Gerais;Monte Siao;;PY4RMS;;145,200000;DUP-;0,600000;FM;OFF;88,5Hz;YES;Approximate;-22,433300;-46,572283;-3:00
13;Minas Gerais;Natercia;;PY4RNM;;146,650000;DUP-;0,600000;FM;TONE;67,0Hz;YES;Approximate;-22,086550;-45,494783;-3:00
13;Minas Gerais;Nova Lima;;PY4RPV B;PY4RPV G;439,850000;DUP-;5,000000;DV;OFF;88,5Hz;YES;Approximate;-19,956833;-43,825667;-3:00
13;Minas Gerais;Onca de Pitangui;;PY4FYP;;439,975000;DUP-;5,000000;FM;OFF;88,5Hz;YES;Approximate;-19,730617;-44,806750;-3:00
13;Minas Gerais;Onca de Pitangui;;PY4RLD;;439,750000;DUP-;5,000000;FM;OFF;88,5Hz;YES;Approximate;-19,742067;-44,757300;-3:00
13;Minas Gerais;Onca de Pitangui;;PY4RRP;;145,490000;DUP-;0,600000;FM;TONE;110,9Hz;YES;Approximate;-19,696667;-44,721950;-3:00
13;Minas Gerais;Ouro Branco;;PY4RLA;;145,390000;DUP-;0,600000;FM;TONE;82,5Hz;YES;Approximate;-20,659700;-43,785483;-3:00
13;Minas Gerais;Ouro Preto;;PY4RDI B;PY4RDI G;439,100000;DUP-;5,000000;DV;OFF;88,5Hz;YES;Approximate;-20,402200;-43,510550;-3:00
13;Minas Gerais;Paracatu;;PY4GDC;;146,850000;DUP-;0,600000;FM;OFF;88,5Hz;YES;Approximate;-17,222467;-46,875167;-3:00
13;Minas Gerais;Paracatu;;PY4GDE;;146,630000;DUP-;0,600000;FM;OFF;88,5Hz;YES;Approximate;-17,222467;-46,875167;-3:00
13;Minas Gerais;Paraisopolis;;PY4RRM;;146,790000;DUP-;0,600000;FM;TONE;82,5Hz;YES;Approximate;-22,534583;-45,818683;-3:00
13;Minas Gerais;Patrocinio;;PY4RPB;;146,810000;DUP-;0,600000;FM;TONE;71,9Hz;YES;Approximate;-18,900933;-46,969650;-3:00
13;Minas Gerais;Patrocinio;;PY4RWL;;439,950000;DUP-;5,000000;FM;TONE;67,0Hz;YES;Approximate;-18,900933;-46,969650;-3:00
13;Minas Gerais;Pocos de Caldas;;PY4POC;;147,180000;DUP+;0,600000;FM;TONE;91,5Hz;YES;Approximate;-21,733333;-46,582167;-3:00
13;Minas Gerais;Pocos de Caldas;;PY4RFM C;PY4RFM G;146,610000;DUP-;0,600000;DV;OFF;88,5Hz;YES;Approximate;-21,733333;-46,582167;-3:00
13;Minas Gerais;Pouso Alegre;;PY4KDA B;PY4KDA G;439,475000;DUP-;5,000000;DV;OFF;88,5Hz;YES;Approximate;-22,387000;-45,952667;-3:00
13;Minas Gerais;Rio Pomba;;PY4ARP;;147,240000;DUP+;0,600000;FM;OFF;88,5Hz;YES;Approximate;-21,265800;-43,167900;-3:00
13;Minas Gerais;Sao Joao del Rei;;PY4RCK;;439,200000;DUP-;5,000000;FM;TONE;82,5Hz;YES;Approximate;-21,136483;-44,261783;-3:00
13;Minas Gerais;Sao Joao del Rei;;PY4RCV;;146,630000;DUP-;0,600000;FM;OFF;88,5Hz;YES;Approximate;-21,136483;-44,261783;-3:00
13;Minas Gerais;Sao Joao del Rei;;PY4RSJ;;146,810000;DUP-;0,600000;FM;OFF;88,5Hz;YES;Approximate;-21,136483;-44,261783;-3:00
13;Minas Gerais;Sete Lagoas;;PY4RCL;;147,030000;DUP+;0,600000;FM;OFF;88,5Hz;YES;Approximate;-19,467683;-44,248100;-3:00
13;Minas Gerais;S Gon do Sapucai;;PY4RZD;;147,060000;DUP+;0,600000;FM;TONE;77,0Hz;YES;Approximate;-21,976933;-45,443333;-3:00
13;Minas Gerais;S Seb Bela Vista;;PY4KID B;PY4KID G;439,650000;DUP-;5,000000;DV;OFF;88,5Hz;YES;Approximate;-22,159167;-45,754833;-3:00
13;Minas Gerais;Teofilo Otoni;;PY4BO;;146,730000;DUP-;0,600000;FM;TONE;88,5Hz;YES;Approximate;-17,860833;-41,508967;-3:00
13;Minas Gerais;Uba;;PY4RUA;;439,375000;DUP-;5,000000;FM;OFF;88,5Hz;YES;Approximate;-21,121267;-42,943500;-3:00
13;Minas Gerais;Uba;;PY4RUB;;145,470000;DUP-;0,600000;FM;TONE;88,5Hz;YES;Approximate;-21,121267;-42,943500;-3:00
13;Minas Gerais;Uberaba;;PY4UAU;;145,210000;DUP-;0,600000;FM;TONE;151,4Hz;YES;Approximate;-19,759433;-47,956383;-3:00
13;Minas Gerais;Uberlandia;;PY4RUL;;145,350000;DUP-;0,600000;FM;TONE;79,7Hz;YES;Approximate;-18,916383;-48,254150;-3:00
13;Minas Gerais;Vicosa;;PY4RVI;;147,210000;DUP+;0,600000;FM;OFF;88,5Hz;YES;Approximate;-20,756133;-42,880000;-3:00
14;Para;Belem;;PY8RCP;;145,450000;DUP-;0,600000;FM;OFF;88,5Hz;YES;Approximate;-1,433467;-48,463117;-3:00
15;Paraiba;Campina Grande;;PR7CD;;146,850000;DUP-;0,600000;FM;OFF;88,5Hz;YES;Approximate;-7,230500;-35,881400;-3:00
15;Paraiba;Campina Grande;;PU7EAA;;145,000000;DUP-;0,000000;FM;OFF;88,5Hz;YES;Approximate;-7,230500;-35,881400;-3:00
15;Paraiba;Fagundes;;PR7CG;;145,330000;DUP-;0,600000;FM;OFF;88,5Hz;YES;Approximate;-7,459433;-35,779300;-3:00
15;Paraiba;Guarabira;;PR7GRG;;146,750000;DUP-;0,600000;FM;TONE;88,5Hz;YES;Approximate;-6,867100;-35,497600;-3:00
15;Paraiba;Gurinhem;;PR7CK;;147,150000;DUP+;0,600000;FM;OFF;88,5Hz;YES;Approximate;-7,187000;-35,406000;-3:00
15;Paraiba;Joao Pessoa;LABRE;PR7AAA;;147,000000;DUP+;0,600000;FM;TONE;67,0Hz;YES;Approximate;-7,115250;-34,861000;-3:00
15;Paraiba;Joao Pessoa;;PR7JPA;;147,300000;DUP+;0,600000;FM;TONE;110,9Hz;YES;Approximate;-7,115250;-34,861000;-3:00
15;Paraiba;Joao Pessoa;;PR7JPB;;439,500000;DUP-;5,000000;FM;TONE;110,9Hz;YES;Approximate;-7,115250;-34,861000;-3:00
15;Paraiba;Joao Pessoa;;PU7EAB;;145,500000;DUP-;0,000000;FM;OFF;88,5Hz;YES;Approximate;-7,115250;-34,861000;-3:00
15;Paraiba;Matureia;;PR7PIJ;;147,390000;DUP+;0,600000;FM;OFF;88,5Hz;YES;Approximate;-7,339000;-37,375000;-3:00
15;Paraiba;Monteiro;;PR7DA;;145,490000;DUP-;0,600000;FM;TONE;123,0Hz;YES;Approximate;-7,859167;-37,117667;-3:00
15;Paraiba;Santa Rita;;PR7SR;;145,230000;DUP-;0,600000;FM;TONE;88,5Hz;YES;Approximate;-7,114633;-34,982283;-3:00
15;Paraiba;Solanea;;PR7JAS;;146,910000;DUP-;0,600000;FM;TONE;100,0Hz;YES;Approximate;-6,757167;-35,654667;-3:00
16;Parana;Adrianopolis;;PY5TEP;;147,060000;DUP+;0,600000;FM;TONE;110,9Hz;YES;Approximate;-24,683300;-48,833300;-3:00
16;Parana;Alm. Tamandare;;PY5ART;;147,210000;DUP+;0,600000;FM;TONE;67,0Hz;YES;Approximate;-25,273667;-49,322333;-3:00
16;Parana;Apucarana;;PY5APU;;146,770000;DUP-;0,600000;FM;TONE;88,5Hz;YES;Approximate;-23,548583;-51,459167;-3:00
16;Parana;Campina Gd. do S;;PY5BBS;;439,650000;DUP-;5,000000;FM;TONE;110,9Hz;YES;Approximate;-25,241267;-48,829683;-3:00
16;Parana;Campina Gd. do S;;PY5CTV;;145,210000;DUP-;0,600000;FM;TONE;110,9Hz;YES;Approximate;-25,241267;-48,829683;-3:00
16;Parana;Campina Gd. do S;;PY5RCM;;145,490000;DUP-;0,600000;FM;TONE;110,9Hz;YES;Approximate;-25,306667;-49,052700;-3:00
16;Parana;Campo Largo;;PY5ETI;;146,970000;DUP-;0,600000;FM;OFF;88,5Hz;YES;Approximate;-25,452417;-49,634300;-3:00
16;Parana;Campo Magro;;PY5PRD;;147,090000;DUP+;0,600000;FM;TONE;110,9Hz;YES;Approximate;-25,383833;-49,361833;-3:00
16;Parana;Carambei;;PY5CBI;;146,810000;DUP-;0,600000;FM;OFF;88,5Hz;YES;Approximate;-24,911800;-50,108283;-3:00
16;Parana;Cascavel;;PY5CRC;;146,930000;DUP-;0,600000;FM;TONE;110,9Hz;YES;Approximate;-24,953717;-53,456233;-3:00
16;Parana;Colombo;;PY5COL;;146,670000;DUP-;0,600000;FM;TONE;110,9Hz;YES;Approximate;-25,292100;-49,225883;-3:00
16;Parana;Cornel. Procopio;;PY5CPR;;145,470000;DUP-;0,600000;FM;TONE;88,5Hz;YES;Approximate;-23,182183;-50,650817;-3:00
16;Parana;Curitiba;;PY5AZA;;439,500000;DUP-;5,000000;FM;TSQL;91,5Hz;YES;Approximate;-25,431583;-49,276100;-3:00
16;Parana;Curitiba;;PY5EHO;;147,390000;DUP+;0,600000;FM;TONE;123,0Hz;YES;Approximate;-25,392500;-49,240333;-3:00
16;Parana;Curitiba;;PY5FUS;;439,100000;DUP-;5,000000;FM;TSQL;110,9Hz;YES;Approximate;-25,431683;-49,276200;-3:00
16;Parana;Curitiba;;PY5GWR;;145,450000;DUP-;0,600000;FM;OFF;88,5Hz;YES;Approximate;-25,440000;-49,276683;-3:00
16;Parana;Curitiba;;PY5PRE;;147,090000;DUP+;0,600000;FM;OFF;88,5Hz;YES;Approximate;-25,440000;-49,276683;-3:00
16;Parana;Curitiba;;PY5STC;;147,000000;DUP+;0,600000;FM;TONE;82,5Hz;YES;Approximate;-25,440000;-49,276683;-3:00
16;Parana;Curitiba;;PY5TEL;;146,770000;DUP-;0,600000;FM;TONE;110,9Hz;YES;Approximate;-25,440000;-49,276683;-3:00
16;Parana;Dois Vizinhos;;PY5DVZ;;147,210000;DUP+;0,600000;FM;TONE;88,5Hz;YES;Approximate;-25,751867;-53,060583;-3:00
16;Parana;Foz do Iguacu;;PY5FGU;;439,200000;DUP-;5,000000;FM;TONE;88,5Hz;YES;Approximate;-25,490183;-54,544733;-3:00
16;Parana;Foz do Iguacu;;PY5GFR;;146,650000;DUP-;0,600000;FM;TONE;146,2Hz;YES;Approximate;-25,490183;-54,544733;-3:00
16;Parana;Guarapuava;;PY5ATP;;146,750000;DUP-;0,600000;FM;TONE;88,5Hz;YES;Approximate;-25,382517;-51,468067;-3:00
16;Parana;Guaratuba;;PY5GRU;;146,630000;DUP-;0,600000;FM;OFF;88,5Hz;YES;Approximate;-25,883800;-48,576167;-3:00
16;Parana;Guaratuba;;PY5HAM;;145,370000;DUP-;0,600000;FM;TONE;110,9Hz;YES;Approximate;-25,887333;-48,557667;-3:00
16;Parana;Guaratuba;;PY5RX;;439,550000;DUP-;5,000000;FM;OFF;88,5Hz;YES;Approximate;-25,883800;-48,576167;-3:00
16;Parana;Irati;;PY5KBS;;146,890000;DUP-;0,600000;FM;OFF;88,5Hz;YES;Approximate;-25,467683;-50,651100;-3:00
16;Parana;Jaguariaiva;;PY5RSV;;439,700000;DUP-;5,000000;FM;OFF;88,5Hz;YES;Approximate;-24,341833;-49,608500;-3:00
16;Parana;Londrina;;PY5LDN;;146,610000;DUP-;0,600000;FM;TONE;88,5Hz;YES;Approximate;-23,284683;-51,208883;-3:00
16;Parana;Mandaguari;;PY5MDG;;147,240000;DUP+;0,600000;FM;TONE;88,5Hz;YES;Approximate;-23,509433;-51,681383;-3:00
16;Parana;Mandaguari;;PY5UNO;;147,000000;DUP+;0,600000;FM;TONE;88,5Hz;YES;Approximate;-23,529433;-51,699717;-3:00
16;Parana;Maringa;;PY5MNG;;145,450000;DUP-;0,600000;FM;TONE;88,5Hz;YES;Approximate;-23,438600;-51,957217;-3:00
16;Parana;Morretes;;PY5MOR;;145,250000;DUP-;0,600000;FM;TONE;110,9Hz;YES;Approximate;-25,479000;-48,831683;-3:00
16;Parana;Ortigueira;;PY5RPB;;146,710000;DUP-;0,600000;FM;TONE;88,5Hz;YES;Approximate;-23,967033;-51,075650;-3:00
16;Parana;Palotina;;PY5PLT;;146,690000;DUP-;0,600000;FM;TONE;88,5Hz;YES;Approximate;-24,284033;-53,839217;-3:00
16;Parana;Paranavai;;PY5CRA;;147,090000;DUP+;0,600000;FM;TONE;88,5Hz;YES;Approximate;-23,085550;-52,459433;-3:00
16;Parana;Pirai do Sul;;PY5PGO;;146,710000;DUP-;0,600000;FM;OFF;88,5Hz;YES;Approximate;-24,549600;-49,925300;-3:00
16;Parana;Ponta Grossa;;PY5PGR;;146,870000;DUP-;0,600000;FM;TONE;110,9Hz;YES;Approximate;-25,094900;-50,163100;-3:00
16;Parana;Ponta Grossa;;PY5PYY;;145,370000;DUP-;0,600000;FM;OFF;88,5Hz;YES;Approximate;-25,094900;-50,163100;-3:00
16;Parana;Ponta Grossa;;PY5VV;;146,910000;DUP+;0,600000;FM;OFF;88,5Hz;YES;Approximate;-25,094900;-50,163100;-3:00
16;Parana;Porto Uniao;;PU5AAA;;144,890000;DUP-;0,000000;FM;OFF;88,5Hz;YES;Approximate;-26,237100;-51,077883;-3:00
16;Parana;Ribeirao Claro;;PY5VET;;145,430000;DUP-;0,600000;FM;TONE;88,5Hz;YES;Approximate;-23,287900;-49,758700;-3:00
16;Parana;S Maria d'Oeste;;PY5DCG;;146,810000;DUP-;0,600000;FM;TONE;88,5Hz;YES;Approximate;-24,849033;-51,881883;-3:00
16;Parana;Toledo;;PY5GRT;;146,710000;DUP-;0,600000;FM;TONE;100,0Hz;YES;Approximate;-24,731517;-53,743067;-3:00
16;Parana;Umuarama;;PY5FAB;;147,210000;DUP+;0,600000;FM;TONE;88,5Hz;YES;Approximate;-23,762183;-53,329433;-3:00
16;Parana;Umuarama;UHF;PY5AMZ;;439,750000;DUP-;5,000000;FM;TONE;91,5Hz;YES;Approximate;-23,742167;-53,307500;-3:00
16;Parana;Umuarama;VHF;PY5AMZ;;146,650000;DUP-;0,600000;FM;TONE;91,5Hz;YES;Approximate;-23,742167;-53,307500;-3:00
17;Pernambuco;Barreiros;;PY7BMC;;146,970000;DUP-;0,600000;FM;TONE;100,0Hz;YES;Approximate;-8,809167;-35,189333;-3:00
17;Pernambuco;Caruaru;;PY7JJS;;147,060000;DUP+;0,600000;FM;TONE;88,5Hz;YES;Approximate;-8,247433;-35,907150;-3:00
17;Pernambuco;Garanhuns;;PY7GFF;;146,610000;DUP-;0,600000;FM;OFF;88,5Hz;YES;Approximate;-8,890633;-36,496600;-3:00
17;Pernambuco;Garanhuns;;PY7GR;;147,120000;DUP+;0,600000;FM;OFF;88,5Hz;YES;Approximate;-8,890633;-36,496600;-3:00
17;Pernambuco;Jab. Guararapes;;PY7DV;;439,675000;DUP-;5,000000;FM;OFF;88,5Hz;YES;Approximate;-8,112050;-35,015567;-3:00
17;Pernambuco;Jab. Guararapes;;PY7UHF;;439,750000;DUP-;5,000000;FM;TONE;100,0Hz;YES;Approximate;-7,991050;-34,854983;-3:00
17;Pernambuco;Joao Alfredo;;PY7CT;;146,630000;DUP-;0,600000;FM;TONE;100,0Hz;YES;Approximate;-7,841667;-35,589500;-3:00
17;Pernambuco;Macaparana;;PY7JMN;;147,240000;DUP+;0,600000;FM;TONE;100,0Hz;YES;Approximate;-7,529667;-35,461100;-3:00
17;Pernambuco;Olinda;;PY7SO;;147,210000;DUP+;0,600000;FM;OFF;88,5Hz;YES;Approximate;-7,991050;-34,854983;-3:00
17;Pernambuco;Recife;;PY7NJ;;439,650000;DUP-;5,000000;FM;OFF;88,5Hz;YES;Approximate;-8,055350;-34,872000;-3:00
17;Pernambuco;Riacho das Almas;;PY7DIG;;145,450000;DUP-;0,600000;FM;OFF;88,5Hz;YES;Approximate;-8,145533;-35,860900;-3:00
17;Pernambuco;Sao Caitano;;PY7CRC;;145,290000;DUP-;0,600000;FM;OFF;88,5Hz;YES;Approximate;-8,363900;-36,061367;-3:00
17;Pernambuco;S Lourenco dMata;;PY7AZ;;146,890000;DUP-;0,600000;FM;TONE;100,0Hz;YES;Approximate;-8,021500;-35,101167;-3:00
17;Pernambuco;Taquaritinga d N;;PY7AK;;439,950000;DUP-;5,000000;FM;TONE;100,0Hz;YES;Approximate;-7,834100;-36,099300;-3:00
17;Pernambuco;Taquaritinga d N;;PY7CPR;;146,710000;DUP-;0,600000;FM;OFF;88,5Hz;YES;Approximate;-7,834100;-36,099300;-3:00
17;Pernambuco;Taquaritinga d N;;PY7YY;;147,270000;DUP+;0,600000;FM;OFF;88,5Hz;YES;Approximate;-7,834100;-36,099300;-3:00
17;Pernambuco;Vertentes;;PY7AAA;;439,900000;DUP-;5,000000;FM;OFF;88,5Hz;YES;Approximate;-8,145533;-35,860900;-3:00
18;Piaui;Pedro II;;PS8FLP;;145,210000;DUP-;0,600000;FM;OFF;88,5Hz;YES;Approximate;-4,423883;-41,490283;-3:00
18;Piaui;Picos;;PS8PCM;;146,910000;DUP-;0,600000;FM;OFF;88,5Hz;YES;Approximate;-7,013333;-41,586667;-3:00
18;Piaui;Piripiri;;PS8GES;;145,390000;DUP-;0,600000;FM;TONE;123,0Hz;YES;Approximate;-4,273333;-41,777983;-3:00
18;Piaui;Teresina;ARPI;PS8MIT;;147,390000;DUP+;0,600000;FM;TONE;88,5Hz;YES;Approximate;-5,089350;-42,801600;-3:00
18;Piaui;Teresina;ARPI;PS8ZM;;439,175000;DUP-;5,000000;FM;TONE;123,0Hz;YES;Approximate;-5,089350;-42,801600;-3:00
18;Piaui;Teresina;LABRE;PS8TCV;;146,950000;DUP-;0,600000;FM;TONE;88,5Hz;YES;Approximate;-5,089350;-42,801600;-3:00
19;Rio de Janeiro;Angra dos Reis;;PY1JBW;;146,710000;DUP-;0,600000;FM;TONE;67,0Hz;YES;Approximate;-23,006883;-44,318500;-3:00
19;Rio de Janeiro;Angra dos Reis;;PY1WEM;;146,650000;DUP-;0,600000;FM;TONE;67,0Hz;YES;Approximate;-23,006883;-44,318500;-3:00
19;Rio de Janeiro;Barra do Pirai;;PY1LAM;;439,750000;DUP-;5,000000;FM;OFF;88,5Hz;YES;Approximate;-22,489717;-43,803050;-3:00
19;Rio de Janeiro;Barra do Pirai;;PY1LMC;;145,470000;DUP-;0,600000;FM;OFF;88,5Hz;YES;Approximate;-22,489717;-43,803050;-3:00
19;Rio de Janeiro;Barra Mansa;;PY1LAC;;146,750000;DUP-;0,600000;FM;OFF;88,5Hz;YES;Approximate;-22,519717;-44,183883;-3:00
19;Rio de Janeiro;Bom Jardim;;;;147,360000;DUP+;0,600000;FM;OFF;88,5Hz;YES;Approximate;-22,152067;-42,421783;-3:00
19;Rio de Janeiro;Carmo;;;;145,390000;DUP-;0,600000;FM;OFF;88,5Hz;YES;Approximate;-21,924200;-42,614700;-3:00
19;Rio de Janeiro;Casimiro d Abreu;;;;146,690000;DUP-;0,600000;FM;OFF;88,5Hz;YES;Approximate;-22,499067;-42,273200;-3:00
19;Rio de Janeiro;Casimiro d Abreu;;;;439,550000;DUP-;5,000000;FM;OFF;88,5Hz;YES;Approximate;-22,499067;-42,273200;-3:00
19;Rio de Janeiro;Cpos Goytacazes;;;;145,290000;DUP-;0,600000;FM;OFF;88,5Hz;YES;Approximate;-21,754600;-41,324183;-3:00
19;Rio de Janeiro;Cpos Goytacazes;;;;146,910000;DUP-;0,600000;FM;OFF;88,5Hz;YES;Approximate;-21,754600;-41,324183;-3:00
19;Rio de Janeiro;Cpos Goytacazes;;;;146,970000;DUP-;0,600000;FM;TONE;88,5Hz;YES;Approximate;-21,799983;-41,450000;-3:00
19;Rio de Janeiro;Cpos Goytacazes;;;;439,300000;DUP-;5,000000;FM;OFF;88,5Hz;YES;Approximate;-21,754600;-41,324183;-3:00
19;Rio de Janeiro;Cpos Goytacazes;;;;439,475000;DUP-;5,000000;FM;OFF;88,5Hz;YES;Approximate;-21,754600;-41,324183;-3:00
19;Rio de Janeiro;Guapimirim;;;;439,175000;DUP-;5,000000;FM;TONE;100,0Hz;YES;Approximate;-22,416133;-42,972033;-3:00
19;Rio de Janeiro;Juiz de Fora;;;;146,790000;DUP-;0,600000;FM;OFF;88,5Hz;YES;Approximate;-21,765300;-43,348700;-3:00
19;Rio de Janeiro;Juiz de Fora;;;;146,850000;DUP-;0,600000;FM;OFF;88,5Hz;YES;Approximate;-21,765300;-43,348700;-3:00
19;Rio de Janeiro;Juiz de Fora;;;;147,150000;DUP+;0,600000;FM;OFF;88,5Hz;YES;Approximate;-21,765300;-43,348700;-3:00
19;Rio de Janeiro;Leopoldina;;;;145,230000;DUP-;0,600000;FM;OFF;88,5Hz;YES;Approximate;-21,519500;-42,647483;-3:00
19;Rio de Janeiro;Macae;;;;146,650000;DUP-;0,600000;FM;OFF;88,5Hz;YES;Approximate;-22,371783;-41,785700;-3:00
19;Rio de Janeiro;Marica;;;;147,390000;DUP+;0,600000;FM;TONE;131,8Hz;YES;Approximate;-22,918167;-42,818500;-3:00
19;Rio de Janeiro;Medanha;;;;146,890000;DUP-;0,600000;FM;TONE;100,0Hz;YES;Approximate;-22,824000;-43,523333;-3:00
19;Rio de Janeiro;Miguel Pereira;;PY1MPM;;145,210000;DUP-;0,600000;FM;TONE;88,5Hz;YES;Approximate;-22,472000;-43,460600;-3:00
19;Rio de Janeiro;Nilopolis;;PY1NIL;;147,000000;DUP+;0,600000;FM;TONE;88,5Hz;YES;Approximate;-22,809833;-43,419383;-3:00
19;Rio de Janeiro;Niteroi;;;;439,900000;DUP-;5,000000;FM;TONE;88,5Hz;YES;Approximate;-22,880800;-43,103900;-3:00
19;Rio de Janeiro;Niteroi;;PY1ARF;;439,700000;DUP-;5,000000;FM;TONE;88,5Hz;YES;Approximate;-22,880800;-43,103900;-3:00
19;Rio de Janeiro;Niteroi;;PY1GRU;;439,775000;DUP-;5,000000;FM;TONE;100,0Hz;YES;Approximate;-22,973600;-43,043600;-3:00
19;Rio de Janeiro;Niteroi;;PY1GUN;;439,825000;DUP-;5,000000;FM;TONE;100,0Hz;YES;Approximate;-22,880683;-43,101333;-3:00
19;Rio de Janeiro;Niteroi;;PY1LJU;;146,850000;DUP-;0,600000;FM;TONE;100,0Hz;YES;Approximate;-22,880800;-43,103900;-3:00
19;Rio de Janeiro;Niteroi;;PY1NIT;;146,870000;DUP-;0,600000;FM;TONE;100,0Hz;YES;Approximate;-22,880800;-43,103900;-3:00
19;Rio de Janeiro;Niteroi;;PY1PKA;;146,690000;DUP-;0,600000;FM;TONE;100,0Hz;YES;Approximate;-22,880683;-43,101333;-3:00
19;Rio de Janeiro;Niteroi;;PY1UUS;;439,450000;DUP-;5,000000;FM;TONE;100,0Hz;YES;Approximate;-22,880800;-43,103900;-3:00
19;Rio de Janeiro;Nova Friburgo;;;;439,900000;DUP-;5,000000;FM;OFF;88,5Hz;YES;Approximate;-22,282283;-42,534183;-3:00
19;Rio de Janeiro;Nova Friburgo;;PY1APG;;145,470000;DUP-;0,600000;FM;TONE;71,9Hz;YES;Approximate;-22,288717;-42,534033;-3:00
19;Rio de Janeiro;Nova Friburgo;;PY1CRF B;PY1CRF G;439,275000;DUP-;5,000000;DV;OFF;88,5Hz;YES;Approximate;-22,282283;-42,534183;-3:00
19;Rio de Janeiro;Nova Friburgo;;PY1FCT C;PY1FCT G;145,410000;DUP-;0,600000;DV;OFF;88,5Hz;YES;Approximate;-22,355550;-42,588833;-3:00
19;Rio de Janeiro;Nova Friburgo;;PY1GRA;;146,610000;DUP-;0,600000;FM;TONE;71,9Hz;YES;Approximate;-22,351217;-42,586467;-3:00
19;Rio de Janeiro;Nova Friburgo;;PY1MAC;;145,350000;DUP-;0,600000;FM;TONE;71,9Hz;YES;Approximate;-22,353650;-42,586600;-3:00
19;Rio de Janeiro;Nova Friburgo;;PY1RNF;;147,180000;DUP+;0,600000;FM;TONE;71,9Hz;YES;Approximate;-22,282283;-42,534183;-3:00
19;Rio de Janeiro;Nova Friburgo;;PY1SCU;;439,500000;DUP-;5,000000;FM;TONE;100,0Hz;YES;Approximate;-22,359133;-42,567883;-3:00
19;Rio de Janeiro;Paraty;GRAM;PY1MBU;;145,230000;DUP-;0,600000;FM;OFF;88,5Hz;YES;Approximate;-23,216667;-44,717967;-3:00
19;Rio de Janeiro;Paraty;LABRE;PY1LAI;;439,050000;DUP-;5,000000;FM;OFF;88,5Hz;YES;Approximate;-23,216667;-44,717967;-3:00
19;Rio de Janeiro;Paty do Alferes;;;;439,200000;DUP-;5,000000;FM;OFF;88,5Hz;YES;Approximate;-22,383167;-43,376567;-3:00
19;Rio de Janeiro;Petropolis;;PY1AAF;;145,490000;DUP-;0,600000;FM;TONE;110,9Hz;YES;Approximate;-22,504100;-43,181900;-3:00
19;Rio de Janeiro;Petropolis;;PY1CPG;;145,390000;DUP-;0,600000;FM;TONE;82,5Hz;YES;Approximate;-22,504100;-43,181900;-3:00
19;Rio de Janeiro;Petropolis;;PY1LRP;;147,330000;DUP+;0,600000;FM;TONE;71,9Hz;YES;Approximate;-22,504100;-43,181900;-3:00
19;Rio de Janeiro;Petropolis;;PY1RRE;;439,325000;DUP-;5,000000;FM;TONE;100,0Hz;YES;Approximate;-22,504100;-43,181900;-3:00
19;Rio de Janeiro;Resende;;;;147,300000;DUP+;0,600000;FM;TONE;192,8Hz;YES;Approximate;-22,470500;-44,450500;-3:00
19;Rio de Janeiro;Resende;;PY1EBU;;147,000000;DUP+;0,600000;FM;OFF;88,5Hz;YES;Approximate;-22,470500;-44,450500;-3:00
19;Rio de Janeiro;Rio de Janeiro;;;;439,100000;DUP-;5,000000;FM;OFF;88,5Hz;YES;Approximate;-22,976667;-43,195083;-3:00
19;Rio de Janeiro;Rio de Janeiro;;;;439,350000;DUP-;5,000000;FM;OFF;88,5Hz;YES;Approximate;-22,976667;-43,195083;-3:00
19;Rio de Janeiro;Rio de Janeiro;;;;439,600000;DUP-;5,000000;FM;OFF;88,5Hz;YES;Approximate;-22,976667;-43,195083;-3:00
19;Rio de Janeiro;Rio de Janeiro;;;;439,900000;DUP-;5,000000;FM;OFF;88,5Hz;YES;Approximate;-22,976667;-43,195083;-3:00
19;Rio de Janeiro;Rio de Janeiro;;PY1ABA;;147,030000;DUP+;0,600000;FM;TONE;88,5Hz;YES;Approximate;-22,887850;-43,268350;-3:00
19;Rio de Janeiro;Rio de Janeiro;;PY1CEU C;PY1CEU G;146,750000;DUP-;0,600000;DV;OFF;88,5Hz;YES;Approximate;-22,976667;-43,195083;-3:00
19;Rio de Janeiro;Rio de Janeiro;;PY1JPA;;146,730000;DUP-;0,600000;FM;TONE;88,5Hz;YES;Approximate;-22,968133;-43,390700;-3:00
19;Rio de Janeiro;Rio de Janeiro;;PY1LAE;;146,890000;DUP-;0,600000;FM;TONE;100,0Hz;YES;Approximate;-22,823883;-43,523333;-3:00
19;Rio de Janeiro;Rio de Janeiro;;PY1MDU;;439,025000;DUP-;5,000000;FM;TONE;100,0Hz;YES;Approximate;-22,823917;-43,523750;-3:00
19;Rio de Janeiro;Sao Fidelis;;;;147,390000;DUP+;0,600000;FM;OFF;88,5Hz;YES;Approximate;-21,642900;-41,758567;-3:00
19;Rio de Janeiro;Sao Goncalo;LABRE;;;146,630000;DUP-;0,600000;FM;TONE;100,0Hz;YES;Approximate;-22,796683;-43,039183;-3:00
19;Rio de Janeiro;Sao Goncalo;;PY1SGP;;145,430000;DUP-;0,600000;FM;OFF;88,5Hz;YES;Approximate;-22,903667;-43,064500;-3:00
19;Rio de Janeiro;S Joao de Meriti;;;;147,380000;DUP+;0,600000;FM;TONE;103,5Hz;YES;Approximate;-22,790800;-43,369933;-3:00
19;Rio de Janeiro;S Pedro d'Aldeia;;PY1UEB;;147,240000;DUP+;0,600000;FM;OFF;88,5Hz;YES;Approximate;-22,818617;-42,160300;-3:00
19;Rio de Janeiro;Teresopolis;;PY1SVL;;146,830000;DUP-;0,600000;FM;TONE;100,0Hz;YES;Approximate;-22,529683;-42,984500;-3:00
19;Rio de Janeiro;Teresopolis;;PY1TPS;;146,650000;DUP-;0,600000;FM;TONE;69,3Hz;YES;Approximate;-22,412383;-42,966700;-3:00
19;Rio de Janeiro;Tres Rios;;;;147,180000;DUP+;0,600000;FM;OFF;88,5Hz;YES;Approximate;-22,118283;-43,209200;-3:00
19;Rio de Janeiro;Valenca;;;;146,910000;DUP-;0,600000;FM;OFF;88,5Hz;YES;Approximate;-22,246267;-43,703483;-3:00
19;Rio de Janeiro;Volta Redonda;;;;146,930000;DUP-;0,600000;FM;OFF;88,5Hz;YES;Approximate;-22,525483;-44,104800;-3:00
20;Rio Gd do Norte;Acari;;PS7SJV;;145,470000;DUP-;0,600000;FM;OFF;88,5Hz;YES;Approximate;-6,391667;-36,604433;-3:00
20;Rio Gd do Norte;Caico;;PS7CRS;;146,610000;DUP-;0,600000;FM;OFF;88,5Hz;YES;Approximate;-6,467150;-37,083983;-3:00
20;Rio Gd do Norte;Campo Redondo;;PS7SHD;;146,790000;DUP-;0,600000;FM;OFF;88,5Hz;YES;Approximate;-6,268400;-36,177867;-3:00
20;Rio Gd do Norte;Martins;;PS7FF;;146,970000;DUP-;0,600000;FM;OFF;88,5Hz;YES;Approximate;-6,113183;-37,930983;-3:00
20;Rio Gd do Norte;Monte Gameleiras;LABRE;PS7LB;;145,290000;DUP-;0,600000;FM;OFF;88,5Hz;YES;Approximate;-6,444083;-35,780800;-3:00
20;Rio Gd do Norte;Mossoro;;PU7IAA;;144,900000;DUP-;0,000000;FM;OFF;88,5Hz;YES;Approximate;-5,187950;-37,344100;-3:00
20;Rio Gd do Norte;Natal;;PS7RAW;;146,610000;DUP-;0,600000;FM;OFF;88,5Hz;YES;Approximate;-5,786417;-35,200500;-3:00
20;Rio Gd do Norte;Serra de S Bento;;PS7GRN;;145,210000;DUP-;0,600000;FM;OFF;88,5Hz;YES;Approximate;-6,422150;-35,721083;-3:00
21;Rio Gd do Sul;Bento Goncalves;;PY3GEC;;145,270000;DUP-;0,600000;FM;OFF;88,5Hz;YES;Approximate;-29,174283;-51,518500;-3:00
21;Rio Gd do Sul;Cangucu;;PY3HL;;147,150000;DUP+;0,600000;FM;OFF;88,5Hz;YES;Approximate;-31,394567;-52,686000;-3:00
21;Rio Gd do Sul;Cangucu;;PY3RCP;;145,470000;DUP-;0,600000;FM;OFF;88,5Hz;YES;Approximate;-31,394567;-52,686000;-3:00
21;Rio Gd do Sul;Canoas;;PY3KCA B;PY3KCA G;439,250000;DUP-;5,000000;DV;OFF;88,5Hz;YES;Approximate;-29,957467;-51,171050;-3:00
21;Rio Gd do Sul;Carlos Barbosa;;PY3RAD;;146,990000;DUP-;0,600000;FM;OFF;88,5Hz;YES;Approximate;-29,224567;-51,351000;-3:00
21;Rio Gd do Sul;Caxias do Sul;;PY3MHZ;;147,030000;DUP+;0,600000;FM;OFF;88,5Hz;YES;Approximate;-29,167900;-51,179400;-3:00
21;Rio Gd do Sul;Caxias do Sul;;PY3MSM;;147,300000;DUP+;0,600000;FM;OFF;88,5Hz;YES;Approximate;-29,167900;-51,179400;-3:00
21;Rio Gd do Sul;Cerro Gd. do Sul;;PY3CQA;;146,730000;DUP-;0,600000;FM;OFF;88,5Hz;YES;Approximate;-30,850200;-51,812500;-3:00
21;Rio Gd do Sul;Flores da Cunha;;PY3MMM;;146,790000;DUP-;0,600000;FM;OFF;88,5Hz;YES;Approximate;-29,030883;-51,191600;-3:00
21;Rio Gd do Sul;Flores da Cunha;;PY3TCP;;146,690000;DUP-;0,600000;FM;OFF;88,5Hz;YES;Approximate;-29,030883;-51,191600;-3:00
21;Rio Gd do Sul;Gramado;;PY3RHV;;146,610000;DUP-;0,600000;FM;OFF;88,5Hz;YES;Approximate;-29,496000;-50,899700;-3:00
21;Rio Gd do Sul;Ibiruba;;PY3UDA;;146,690000;DUP-;0,600000;FM;OFF;88,5Hz;YES;Approximate;-28,628967;-53,078967;-3:00
21;Rio Gd do Sul;Igrejinha;;PY3TAG;;439,500000;DUP-;5,000000;FM;OFF;88,5Hz;YES;Approximate;-29,574367;-50,787783;-3:00
21;Rio Gd do Sul;Porto Alegre;;PY3BK;;439,100000;DUP-;5,000000;FM;TONE;123,0Hz;YES;Approximate;-30,034267;-51,228000;-3:00
21;Rio Gd do Sul;Riozinho;;PY3RIO;;439,700000;DUP-;5,000000;FM;OFF;88,5Hz;YES;Approximate;-29,616500;-50,461883;-3:00
21;Rio Gd do Sul;Riozinho;;PY3TZZ;;146,810000;DUP-;0,600000;FM;OFF;88,5Hz;YES;Approximate;-29,616500;-50,461883;-3:00
21;Rio Gd do Sul;Sao Jeronimo;;PY3RAJ;;147,090000;DUP+;0,600000;FM;OFF;88,5Hz;YES;Approximate;-29,958583;-51,722300;-3:00
21;Rio Gd do Sul;Sao Leopoldo;;PY3KDA B;PY3KDA G;439,450000;DUP-;5,000000;DV;OFF;88,5Hz;YES;Approximate;-29,735167;-51,169667;-3:00
21;Rio Gd do Sul;Sao Leopoldo;;PY3RNH;;146,890000;DUP-;0,600000;FM;OFF;88,5Hz;YES;Approximate;-29,812183;-51,067250;-3:00
21;Rio Gd do Sul;Sta Cruz do Sul;;PY3ERV;;145,290000;DUP-;0,600000;FM;OFF;88,5Hz;YES;Approximate;-29,713100;-52,430183;-3:00
21;Rio Gd do Sul;Sta Cruz do Sul;;PY3JAM;;145,470000;DUP-;0,600000;FM;OFF;88,5Hz;YES;Approximate;-29,713100;-52,430183;-3:00
21;Rio Gd do Sul;Vila Nova do Sul;;PY3RPZ;;146,850000;DUP-;0,600000;FM;TONE;67,0Hz;YES;Approximate;-30,266817;-53,938533;-3:00
22;Rondonia;Porto Velho;;PW8AA;;146,940000;DUP-;0,600000;FM;OFF;88,5Hz;YES;Approximate;-8,763767;-63,865783;-4:00
22;Rondonia;Porto Velho;;PW8AF;;146,970000;DUP-;0,600000;FM;OFF;88,5Hz;YES;Approximate;-8,772133;-63,882400;-4:00
23;Roraima;Boa Vista;LABRE;PV8AAA;;146,950000;DUP-;0,600000;FM;OFF;88,5Hz;YES;Approximate;2,841167;-60,655400;-4:00
24;Santa Catarina;Ararangua;;PP5ARA;;145,490000;DUP-;0,600000;FM;TONE;88,5Hz;YES;Approximate;-28,948250;-49,474850;-3:00
24;Santa Catarina;Aurora;;PP5GRA;;145,470000;DUP-;0,600000;FM;TONE;100,0Hz;YES;Approximate;-27,313433;-49,636317;-3:00
24;Santa Catarina;Barra Velha;;PP5BBV;;147,150000;DUP+;0,600000;FM;TONE;123,0Hz;YES;Approximate;-26,708333;-48,691500;-3:00
24;Santa Catarina;Bom Jd da Serra;;PP5BJS;;146,960000;DUP-;0,600000;FM;OFF;88,5Hz;YES;Approximate;-28,346783;-49,624933;-3:00
24;Santa Catarina;Blumenau;;PP5MCO;;147,390000;DUP+;0,600000;FM;TONE;100,0Hz;YES;Approximate;-26,778433;-49,029967;-3:00
24;Santa Catarina;Blumenau;;PP5MPA;;147,180000;DUP+;0,600000;FM;TONE;100,0Hz;YES;Approximate;-26,919200;-49,065883;-3:00
24;Santa Catarina;Blumenau;;PP5RUB;;145,450000;DUP-;0,600000;FM;OFF;88,5Hz;YES;Approximate;-26,919200;-49,065883;-3:00
24;Santa Catarina;Blumenau;;PP5UMC;;439,500000;DUP-;5,000000;FM;TONE;100,0Hz;YES;Approximate;-26,919200;-49,065883;-3:00
24;Santa Catarina;Blumenau;;PP5VHF;;439,100000;DUP-;5,000000;FM;OFF;88,5Hz;YES;Approximate;-26,919200;-49,065883;-3:00
24;Santa Catarina;Brusque;;PP5ARE;;147,300000;DUP+;0,600000;FM;OFF;88,5Hz;YES;Approximate;-27,098600;-48,918383;-3:00
24;Santa Catarina;Cacador;;PP5CDR;;439,100000;DUP-;5,000000;FM;OFF;88,5Hz;YES;Approximate;-26,788600;-51,028083;-3:00
24;Santa Catarina;Cacador;;PP5EBJ;;147,090000;DUP+;0,600000;FM;OFF;88,5Hz;YES;Approximate;-26,788600;-51,028083;-3:00
24;Santa Catarina;Camboriu;;PP5CBF;;146,750000;DUP-;0,600000;FM;TONE;123,0Hz;YES;Approximate;-27,075183;-48,771750;-3:00
24;Santa Catarina;Campo Alegre;;PP5WER;;145,310000;DUP-;0,600000;FM;OFF;88,5Hz;YES;Approximate;-26,193500;-49,265567;-3:00
24;Santa Catarina;Chapeco;;PP5ADW;;147,180000;DUP+;0,600000;FM;OFF;88,5Hz;YES;Approximate;-27,106217;0,000000;-3:00
24;Santa Catarina;Concordia;;PP5CDA;;146,610000;DUP-;0,600000;FM;TONE;67,0Hz;YES;Approximate;-27,241400;-52,008683;-3:00
24;Santa Catarina;Curitibanos;;PP5CTB;;145,410000;DUP-;0,600000;FM;OFF;88,5Hz;YES;Approximate;-27,268883;-50,545550;-3:00
24;Santa Catarina;Florianopolis;;PP5CAP;;145,350000;DUP-;0,600000;FM;TONE;88,5Hz;YES;Approximate;-27,587200;-48,533267;-3:00
24;Santa Catarina;Florianopolis;;PP5FNS;;146,870000;DUP-;0,600000;FM;TONE;88,5Hz;YES;Approximate;-27,612167;-48,485267;-3:00
24;Santa Catarina;Florianopolis;;PP5OAB;;439,000000;DUP-;5,000000;FM;TONE;67,0Hz;YES;Approximate;-27,612167;-48,485333;-3:00
24;Santa Catarina;Florianopolis;;PP5URP;;439,100000;DUP-;5,000000;FM;TONE;88,5Hz;YES;Approximate;-27,612167;-48,485333;-3:00
24;Santa Catarina;Fraiburgo;;PP5AML;;145,330000;DUP-;0,600000;FM;OFF;88,5Hz;YES;Approximate;-27,046933;-50,838050;-3:00
24;Santa Catarina;Garuva;;PP5CDQ;;439,800000;DUP-;5,000000;FM;OFF;88,5Hz;YES;Approximate;-26,026567;-48,854983;-3:00
24;Santa Catarina;Garuva;;PP5CRE;;146,830000;DUP-;0,600000;FM;TONE;100,0Hz;YES;Approximate;-26,026567;-48,854983;-3:00
24;Santa Catarina;Guabiruba;;PP5ARQ;;146,730000;DUP-;0,600000;FM;OFF;88,5Hz;YES;Approximate;-27,098600;-48,918383;-3:00
24;Santa Catarina;Herval d'Oeste;;PP5JCR;;146,770000;DUP-;0,600000;FM;TONE;67,0Hz;YES;Approximate;-27,183100;-51,498883;-3:00
24;Santa Catarina;Imbituba;;PP5IMB;;146,610000;DUP-;0,600000;FM;OFF;88,5Hz;YES;Approximate;-28,237400;-48,671683;-3:00
24;Santa Catarina;Iomere;;PP5UVA;;145,450000;DUP-;0,600000;FM;TONE;77,0Hz;YES;Approximate;-26,989867;-51,280083;-3:00
24;Santa Catarina;Ipora do Oeste;;PP5REU;;147,390000;DUP+;0,600000;FM;TONE;100,0Hz;YES;Approximate;-26,990750;-53,534283;-3:00
24;Santa Catarina;Itaiopolis;;PP5TCP;;146,690000;DUP-;0,600000;FM;OFF;88,5Hz;YES;Approximate;-26,270500;-49,919300;-3:00
24;Santa Catarina;Itaiopolis;;PP5WVR;;439,750000;DUP-;5,000000;FM;OFF;88,5Hz;YES;Approximate;-26,270500;-49,919300;-3:00
24;Santa Catarina;Itajai;;PP5BCI;;146,790000;DUP-;0,600000;FM;OFF;88,5Hz;NO;Approximate;-26,908300;-48,662600;-3:00
24;Santa Catarina;Itajai;;PP5CRI;;145,270000;DUP-;0,600000;FM;TONE;77,0Hz;YES;Approximate;-26,908300;-48,662600;-3:00
24;Santa Catarina;Itajai;;PP5ITA;;439,300000;DUP-;5,000000;FM;OFF;88,5Hz;NO;Approximate;-26,908300;-48,662600;-3:00
24;Santa Catarina;Itajai;;PP5MCZ;;147,270000;DUP+;0,600000;FM;TONE;77,0Hz;YES;Approximate;-26,908300;-48,662600;-3:00
24;Santa Catarina;Jaragua do Sul;;PP5JDS;;146,950000;DUP-;0,600000;FM;TONE;103,5Hz;YES;Approximate;-26,484367;-49,068083;-3:00
24;Santa Catarina;Joinville;;PP5ABA;;439,900000;DUP-;5,000000;FM;OFF;88,5Hz;YES;Approximate;-26,364433;-48,804433;-3:00
24;Santa Catarina;Joinville;;PP5CRJ;;145,430000;DUP-;0,600000;FM;OFF;88,5Hz;YES;Approximate;-26,334717;-48,826217;-3:00
24;Santa Catarina;Joinville;;PP5EAG;;147,000000;DUP+;0,600000;FM;OFF;88,5Hz;YES;Approximate;-26,364433;-48,804433;-3:00
24;Santa Catarina;Laguna;;PP5SAT;;147,030000;DUP+;0,600000;FM;TONE;88,5Hz;YES;Approximate;-28,474800;-48,783767;-3:00
24;Santa Catarina;Mirim Doce;;PP5FUN;;439,200000;DUP-;5,000000;FM;TONE;136,5Hz;YES;Approximate;-27,273883;-50,129467;-3:00
24;Santa Catarina;Mirim Doce;;PP5MAR;;146,750000;DUP-;0,600000;FM;TONE;100,0Hz;YES;Approximate;-27,188667;-50,131083;-3:00
24;Santa Catarina;Mirim Doce;;PP5MFT;;147,330000;DUP+;0,600000;FM;TONE;123,0Hz;YES;Approximate;-27,188667;-50,131083;-3:00
24;Santa Catarina;Nova Trento;;PP5SJB;;147,030000;DUP+;0,600000;FM;OFF;88,5Hz;YES;Approximate;-27,286167;-48,929683;-3:00
24;Santa Catarina;Pomerode;;PP5CPI C;PP5CPI G;146,770000;DUP-;0,600000;DV;OFF;88,5Hz;YES;Approximate;-26,741333;-49,188167;-3:00
24;Santa Catarina;Presid. Getulio;;PP5API;;146,970000;DUP-;0,600000;FM;OFF;88,5Hz;YES;Approximate;-27,069267;-49,692183;-3:00
24;Santa Catarina;Rancho Queimado;;PP5ARK;;147,360000;DUP+;0,600000;FM;TONE;88,5Hz;YES;Approximate;-27,680967;-49,005900;-3:00
24;Santa Catarina;Rancho Queimado;;PP5ARS;;147,210000;DUP+;0,600000;FM;TONE;131,8Hz;YES;Approximate;-27,695733;-49,142700;-3:00
24;Santa Catarina;Rio do Sul;;PP5AVI;;145,230000;DUP-;0,600000;FM;TONE;88,5Hz;YES;Approximate;-27,217817;-49,672583;-3:00
24;Santa Catarina;Rio do Sul;;PP5RAV;;146,710000;DUP+;0,600000;FM;TONE;123,0Hz;YES;Approximate;-27,217817;-49,672583;-3:00
24;Santa Catarina;Rio do Sul;;PP5ROL;;439,300000;DUP-;5,000000;FM;TONE;203,5Hz;YES;Approximate;-27,217817;-49,672583;-3:00
24;Santa Catarina;Rio do Sul;;PP5SUL;;146,850000;DUP-;0,600000;FM;OFF;88,5Hz;YES;Approximate;-27,214500;-49,643500;-3:00
24;Santa Catarina;Rodeio;;PP5CRS;;147,120000;DUP+;0,600000;FM;TONE;100,0Hz;YES;Approximate;-26,867767;-49,401050;-3:00
24;Santa Catarina;Santa Rosa d Sul;;PP5SRS;;145,250000;DUP-;0,600000;FM;TONE;88,5Hz;YES;Approximate;-29,123517;-49,696350;-3:00
24;Santa Catarina;Sao Bento do Sul;;PP5SBS;;147,240000;DUP+;0,600000;FM;OFF;88,5Hz;YES;Approximate;-26,253200;-49,381683;-3:00
24;Santa Catarina;Sao Joao Batista;;PP5HLN;;439,900000;DUP-;5,000000;FM;OFF;88,5Hz;YES;Approximate;-27,316467;-48,884600;-3:00
24;Santa Catarina;Sao Joao Batista;;PP5PPM;;146,850000;DUP-;0,600000;FM;TONE;100,0Hz;YES;Approximate;-27,316467;-48,884600;-3:00
24;Santa Catarina;Sao Jose;;PP5ESC;;439,050000;DUP-;5,000000;FM;TONE;100,0Hz;YES;Approximate;-27,611400;-48,636283;-3:00
24;Santa Catarina;Sao Jose;;PP5RPT;;147,330000;DUP+;0,600000;FM;TONE;67,0Hz;YES;Approximate;-27,548067;-48,639267;-3:00
24;Santa Catarina;S Miguel d'Oeste;;PP5RAR;;145,490000;DUP-;0,600000;FM;TONE;88,5Hz;YES;Approximate;-26,736267;-53,514100;-3:00
24;Santa Catarina;Taio;;PP5TAO;;147,060000;DUP+;0,600000;FM;TONE;110,9Hz;YES;Approximate;-27,113617;-50,028067;-3:00
24;Santa Catarina;Timbe do Sul;;PP5ARC;;145,210000;DUP-;0,600000;FM;TONE;88,5Hz;YES;Approximate;-28,801500;-49,950333;-3:00
24;Santa Catarina;Timbo;;PP5MAT;;146,670000;DUP-;0,600000;FM;OFF;88,5Hz;YES;Approximate;-26,824100;-49,267733;-3:00
24;Santa Catarina;Tubarao;;PP5CTR;;146,750000;DUP-;0,600000;FM;TONE;88,5Hz;YES;Approximate;-28,407000;-49,073333;-3:00
24;Santa Catarina;Urussanga;;PP5CVU;;145,410000;DUP-;0,600000;FM;TONE;88,5Hz;YES;Approximate;-28,508667;-49,390167;-3:00
24;Santa Catarina;Videira;;PP5VDA;;146,910000;DUP-;0,600000;FM;TONE;88,5Hz;YES;Approximate;-27,011567;-51,167900;-3:00
25;Sao Paulo;Aguas da Prata;UHF;PY2KSS;;439,000000;DUP-;5,000000;FM;TONE;82,5Hz;YES;Approximate;-21,951333;-46,743667;-3:00
25;Sao Paulo;Aguas da Prata;VHF;PY2KSS;;145,370000;DUP-;0,600000;FM;TONE;82,5Hz;YES;Approximate;-21,951333;-46,743667;-3:00
25;Sao Paulo;Altinopolis;;PY2KAO;;146,930000;DUP-;0,600000;FM;TONE;123,0Hz;YES;Approximate;-21,024067;-47,374067;-3:00
25;Sao Paulo;Altinopolis;;PY2KBT B;PY2KBT G;439,725000;DUP-;5,000000;DV;OFF;88,5Hz;YES;Approximate;-21,024067;-47,374067;-3:00
25;Sao Paulo;Americana;;PY2KJF;;439,550000;DUP-;5,000000;FM;TONE;74,4Hz;YES;Approximate;-22,739267;-47,331900;-3:00
25;Sao Paulo;Americana;;PY2KJZ;;146,770000;DUP-;0,600000;FM;TONE;74,4Hz;YES;Approximate;-22,739267;-47,331900;-3:00
25;Sao Paulo;Amparo;;PY2FII;;147,000000;DUP+;0,600000;FM;TONE;82,5Hz;YES;Approximate;-22,742433;-46,714817;-3:00
25;Sao Paulo;Amparo;;PY2KDS;;145,470000;DUP-;0,600000;FM;OFF;88,5Hz;YES;Approximate;-22,701583;-46,764400;-3:00
25;Sao Paulo;Araraquara;;PY2KOQ;;146,690000;DUP-;0,600000;FM;TONE;77,0Hz;YES;Approximate;-21,778717;-48,180217;-3:00
25;Sao Paulo;Araras;UHF;PY2KAW;;439,275000;DUP-;5,000000;FM;TONE;77,0Hz;YES;Approximate;-22,360433;-47,379783;-3:00
25;Sao Paulo;Araras;VHF;PY2KAW;;146,890000;DUP-;0,600000;FM;TONE;77,0Hz;YES;Approximate;-22,358200;-47,384967;-3:00
25;Sao Paulo;Artur Nogueira;;PY2KCA C;PY2KCA G;145,230000;DUP-;0,600000;DV;OFF;88,5Hz;YES;Approximate;-22,573200;-47,173083;-3:00
25;Sao Paulo;Atibaia;;PY2KJP;;439,675000;DUP-;5,000000;FM;TSQL;91,5Hz;YES;Approximate;-23,122667;-46,504000;-3:00
25;Sao Paulo;Avare;;PY2KAV C;PY2KAV G;145,230000;DUP-;0,600000;DV;OFF;88,5Hz;YES;Approximate;-23,123650;-48,926933;-3:00
25;Sao Paulo;Bauru;;PY2KAH;;146,850000;DUP-;0,600000;FM;OFF;88,5Hz;YES;Approximate;-22,315383;-49,061500;-3:00
25;Sao Paulo;Bauru;;PY2KDA B;PY2KDA G;439,450000;DUP-;5,000000;DV;OFF;88,5Hz;YES;Approximate;-22,538833;-49,076167;-3:00
25;Sao Paulo;Bauru;;PY2KDE;;147,180000;DUP+;0,600000;FM;TONE;77,0Hz;YES;Approximate;-22,358200;-49,077800;-3:00
25;Sao Paulo;Birigui;;PY2KLF;;147,300000;DUP+;0,600000;FM;TONE;100,0Hz;YES;Approximate;-21,303483;-50,382300;-3:00
25;Sao Paulo;Botucatu;;PY2BJO;;439,650000;DUP-;5,000000;FM;TONE;123,0Hz;YES;Approximate;-22,893333;-48,488933;-3:00
25;Sao Paulo;Botucatu;;PY2KDK;;145,450000;DUP-;0,600000;FM;TONE;77,0Hz;YES;Approximate;-22,893333;-48,488933;-3:00
25;Sao Paulo;Botucatu;;PY2KDL;;439,400000;DUP-;5,000000;FM;TONE;77,0Hz;YES;Approximate;-22,893333;-48,488933;-3:00
25;Sao Paulo;Brag. Paulista;;PY2KGL;;439,975000;DUP-;5,000000;FM;TONE;91,5Hz;YES;Approximate;-22,928600;-46,477183;-3:00
25;Sao Paulo;Cabreuva;;PY2DVR;;146,670000;DUP-;0,600000;FM;TSQL;71,9Hz;YES;Approximate;-23,305900;-47,131900;-3:00
25;Sao Paulo;Cabreuva;;PY2KSC;;145,270000;DUP-;0,600000;FM;TONE;123,0Hz;YES;Approximate;-23,305900;-47,131900;-3:00
25;Sao Paulo;Cabreuva;UHF;PY2KMK;;439,750000;DUP-;5,000000;FM;TONE;123,0Hz;YES;Approximate;-23,305900;-47,131900;-3:00
25;Sao Paulo;Cabreuva;VHF;PY2KMK;;146,970000;DUP-;0,600000;FM;TONE;123,0Hz;YES;Approximate;-23,305900;-47,131900;-3:00
25;Sao Paulo;Cajati;;PY2KEV;;145,470000;DUP-;0,600000;FM;TONE;123,0Hz;YES;Approximate;-24,730017;-48,108233;-3:00
25;Sao Paulo;Campinas;;PY2FAA;;439,425000;DUP-;5,000000;FM;TONE;82,5Hz;YES;Approximate;-22,888367;-47,077333;-3:00
25;Sao Paulo;Campinas;;PY2KFI;;439,800000;DUP-;5,000000;FM;TONE;79,7Hz;YES;Approximate;-22,901617;-46,826867;-3:00
25;Sao Paulo;Campinas;;PY2KLM;;439,825000;DUP-;5,000000;FM;TONE;82,5Hz;YES;Approximate;-22,888833;-47,077483;-3:00
25;Sao Paulo;Campinas;;PY2TIA B;PY2TIA G;439,600000;DUP-;5,000000;DV;OFF;88,5Hz;YES;Approximate;-22,871383;-47,049167;-3:00
25;Sao Paulo;Campos do Jordao;;PY2KAS;;439,225000;DUP-;5,000000;FM;TONE;79,7Hz;YES;Approximate;-22,738167;-45,584833;-3:00
25;Sao Paulo;Cedral;;PY2BTM;;439,725000;DUP-;5,000000;FM;TONE;100,0Hz;YES;Approximate;-20,905567;-49,260000;-3:00
25;Sao Paulo;Cordeiropolis;;PY2APU 6;;147,030000;DUP+;0,600000;FM;TONE;88,5Hz;YES;Approximate;-22,533683;-47,469383;-3:00
25;Sao Paulo;Duartina;;PY2KJH;;439,150000;DUP-;5,000000;FM;TONE;88,5Hz;YES;Approximate;-22,425817;-49,410533;-3:00
25;Sao Paulo;Duartina;VHF;PY2KGI;;146,770000;DUP-;0,600000;FM;TONE;77,0Hz;YES;Approximate;-22,425817;-49,410533;-3:00
25;Sao Paulo;ES do Pinhal;;PY2ASP;;145,490000;DUP-;0,600000;FM;TONE;88,5Hz;YES;Approximate;-22,194083;-46,750767;-3:00
25;Sao Paulo;Fernandopolis;;PY2KQV;;147,270000;DUP+;0,600000;FM;TONE;100,0Hz;YES;Approximate;-20,303667;-50,244500;-3:00
25;Sao Paulo;Garca;UHF;PY2KGI;;439,975000;DUP-;5,000000;FM;TONE;77,0Hz;YES;Approximate;-22,222217;-49,710250;-3:00
25;Sao Paulo;Guariba;;PY2KCG;;145,290000;DUP-;0,600000;FM;TONE;123,0Hz;YES;Approximate;-21,362333;-48,228000;-3:00
25;Sao Paulo;Indaiatuba;;PY2KBF;;147,060000;DUP+;0,600000;FM;TONE;88,5Hz;YES;Approximate;-23,070150;-47,207567;-3:00
25;Sao Paulo;Ipaussu;;PY2KFN;;145,310000;DUP-;0,600000;FM;OFF;88,5Hz;YES;Approximate;-23,054100;-49,621383;-3:00
25;Sao Paulo;Itanhaem;;PY2RCA I;;439,150000;DUP-;5,000000;FM;TONE;123,0Hz;YES;Approximate;-24,192150;-46,799300;-3:00
25;Sao Paulo;Itapec. da Serra;;PY2KBX;;146,610000;DUP-;0,600000;FM;TONE;123,0Hz;YES;Approximate;-23,717883;-46,848700;-3:00
25;Sao Paulo;Itapeva;;PY2KRU;;439,400000;DUP-;5,000000;FM;TONE;123,0Hz;YES;Approximate;-23,888500;-48,917667;-3:00
25;Sao Paulo;Itapevi;;PY2KBH C;PY2KBH G;145,430000;DUP-;0,600000;DV;OFF;88,5Hz;YES;Approximate;-23,541967;-46,925200;-3:00
25;Sao Paulo;Itatinga;;PY2KAD;;145,350000;DUP-;0,600000;FM;TONE;77,0Hz;YES;Approximate;-23,079133;-48,472667;-3:00
25;Sao Paulo;Jau;;PY2KCJ;;147,000000;DUP+;0,600000;FM;OFF;88,5Hz;YES;Approximate;-22,334983;-48,551917;-3:00
25;Sao Paulo;Joanopolis;;PY2KGV B;PY2KGV G;439,350000;DUP-;5,000000;DV;OFF;88,5Hz;YES;Approximate;-22,888583;-46,321933;-3:00
25;Sao Paulo;Joanopolis;;PY2KGV C;PY2KGV G;145,310000;DUP-;0,600000;DV;OFF;88,5Hz;YES;Approximate;-22,888583;-46,321933;-3:00
25;Sao Paulo;Jundiai;;PY2KDO;;147,330000;DUP+;0,600000;FM;TONE;74,4Hz;YES;Approximate;-23,199800;-46,880683;-3:00
25;Sao Paulo;Jundiai;;PY2KSP;;147,300000;DUP+;0,600000;FM;TONE;74,4Hz;YES;Approximate;-23,232000;-46,941000;-3:00
25;Sao Paulo;Limeira;;PY2APU 5;;439,700000;DUP-;5,000000;FM;TONE;85,4Hz;YES;Approximate;-22,564800;-47,402667;-3:00
25;Sao Paulo;Lins;;PY2KAL;;146,830000;DUP-;0,600000;FM;TONE;77,0Hz;YES;Approximate;-21,685400;-49,743800;-3:00
25;Sao Paulo;Lins;;PY2KLI;;145,210000;DUP-;0,600000;FM;OFF;88,5Hz;YES;Approximate;-21,685400;-49,743800;-3:00
25;Sao Paulo;Mairipora;;PY2APU 3;;147,030000;DUP+;0,600000;FM;TONE;127,3Hz;YES;Approximate;-23,318233;-46,585783;-3:00
25;Sao Paulo;Mairipora;;PY2KPE C;PY2KPE G;147,120000;DUP+;0,600000;DV;OFF;88,5Hz;YES;Approximate;-23,296100;-46,402767;-3:00
25;Sao Paulo;Mairipora;;PY2KPF;;146,850000;DUP-;0,600000;FM;OFF;88,5Hz;YES;Approximate;-23,317867;-46,587200;-3:00
25;Sao Paulo;Mairipora;;PY2KRG;;146,750000;DUP-;0,600000;FM;OFF;88,5Hz;YES;Approximate;-23,317867;-46,587200;-3:00
25;Sao Paulo;Mairipora;;PY2KRJ;;439,500000;DUP-;5,000000;FM;OFF;88,5Hz;YES;Approximate;-23,317867;-46,587200;-3:00
25;Sao Paulo;Mairipora;;PY2KRJ C;PY2KRJ G;147,180000;DUP+;0,600000;DV;OFF;88,5Hz;YES;Approximate;-23,359167;-46,527667;-3:00
25;Sao Paulo;Mairipora;;PY2LSP;;145,250000;DUP-;0,600000;FM;TONE;123,0Hz;YES;Approximate;-23,317833;-46,587167;-3:00
25;Sao Paulo;Marilia;;PY2KCL;;146,810000;DUP-;0,600000;FM;OFF;88,5Hz;YES;Approximate;-22,220167;-49,947467;-3:00
25;Sao Paulo;Maua;;PY2KEK;;147,000000;DUP+;0,600000;FM;OFF;88,5Hz;YES;Approximate;-23,664300;-46,458167;-3:00
25;Sao Paulo;Mococa;;PU2ZZZ;;145,550000;DUP-;0,000000;FM;OFF;88,5Hz;YES;Approximate;-21,467650;-47,003667;-5:00
25;Sao Paulo;Mococa;;PY2KCH C;PY2KCH G;146,850000;DUP-;0,600000;DV;OFF;88,5Hz;YES;Approximate;-21,474433;-47,003883;-3:00
25;Sao Paulo;Mogi das Cruzes;;PY2KMX;;146,730000;DUP-;0,600000;FM;TONE;136,5Hz;YES;Approximate;-23,485800;-46,208683;-3:00
25;Sao Paulo;Mogi das Cruzes;;PY2KPM;;439,275000;DUP-;5,000000;FM;TONE;127,3Hz;YES;Approximate;-23,532867;-46,202983;-3:00
25;Sao Paulo;Mogi Mirim;;PY2KAC;;146,710000;DUP-;0,600000;FM;TONE;82,5Hz;YES;Approximate;-22,401633;-46,944533;-3:00
25;Sao Paulo;Monte Alto;;PY2KDD;;145,430000;DUP-;0,600000;FM;TONE;100,0Hz;YES;Approximate;-21,262083;-48,497500;-3:00
25;Sao Paulo;Nazare Paulista;;PY2KEP;;439,875000;DUP-;5,000000;FM;TONE;123,0Hz;YES;Approximate;-23,296100;-46,402767;-3:00
25;Sao Paulo;Paraibuna;;PY2KCR;;145,450000;DUP-;0,600000;FM;TONE;67,0Hz;YES;Approximate;-23,383683;-45,661383;-3:00
25;Sao Paulo;Paraibuna;;PY2KCR C;PY2KCR G;147,090000;DUP+;0,600000;DV;OFF;88,5Hz;YES;Approximate;-23,509433;-45,679133;-3:00
25;Sao Paulo;Pardinho;;PY2KDM;;147,150000;DUP+;0,600000;FM;TONE;77,0Hz;YES;Approximate;-23,062517;-48,484000;-3:00
25;Sao Paulo;Parelheiros;;PY2RCA P;;147,390000;DUP+;0,600000;FM;TONE;123,0Hz;YES;Approximate;-23,736800;-46,714350;-3:00
25;Sao Paulo;Piedade;;PY2KPP;;145,410000;DUP-;0,600000;FM;TONE;123,0Hz;YES;Approximate;-23,813983;-47,461067;-3:00
25;Sao Paulo;Pindamonhangaba;;PY2KAS C;PY2KAS G;146,930000;DUP-;0,600000;DV;OFF;88,5Hz;YES;Approximate;-22,764000;-45,519650;-3:00
25;Sao Paulo;Pindamonhangaba;UHF;PY2KAS U;;439,850000;DUP-;5,000000;FM;TONE;79,7Hz;YES;Approximate;-22,764000;-45,519650;-3:00
25;Sao Paulo;Pindamonhangaba;VHF;PY2KAS V;;146,890000;DUP-;0,600000;FM;TONE;79,7Hz;YES;Approximate;-22,764000;-45,519650;-3:00
25;Sao Paulo;Piquete;;PY2KCC;;146,710000;DUP-;0,600000;FM;OFF;88,5Hz;YES;Approximate;-22,617700;-45,172267;-3:00
25;Sao Paulo;Piquete;;PY2KDB;;147,150000;DUP+;0,600000;FM;OFF;88,5Hz;YES;Approximate;-22,617700;-45,172267;-3:00
25;Sao Paulo;Piracicaba;;PY2KGD;;146,630000;DUP-;0,600000;FM;TONE;77,0Hz;YES;Approximate;-22,725383;-47,647800;-3:00
25;Sao Paulo;Piraju;;PY2KAG;;145,490000;DUP-;0,600000;FM;TONE;88,5Hz;YES;Approximate;-23,194200;-49,384783;-3:00
25;Sao Paulo;Ribeirao Preto;;PY2KAR;;146,670000;DUP-;0,600000;FM;TONE;82,5Hz;YES;Approximate;-21,177000;-47,838883;-3:00
25;Sao Paulo;Ribeirao Preto;;PY2KIK C;PY2KIK G;147,240000;DUP+;0,600000;DV;OFF;88,5Hz;YES;Approximate;-21,144167;-47,838867;-3:00
25;Sao Paulo;Santa Branca;;PY2KLH;;439,450000;DUP-;5,000000;FM;OFF;88,5Hz;YES;Approximate;-23,404117;-45,887483;-3:00
25;Sao Paulo;Santa Isabel;;PY2APU 2;;439,700000;DUP-;5,000000;FM;TONE;141,3Hz;YES;Approximate;-23,317267;-46,209400;-3:00
25;Sao Paulo;Santana Parnaiba;;PY2LAS;;146,650000;DUP-;0,600000;FM;TONE;103,5Hz;YES;Approximate;-23,497817;-46,966533;-3:00
25;Sao Paulo;Santa Rita P4;;PY2KSR;;145,210000;DUP-;0,600000;FM;TONE;74,4Hz;YES;Approximate;-21,683650;-47,426983;-3:00
25;Sao Paulo;Santa Salete;;PY2STS;;439,850000;DUP-;5,000000;FM;TONE;100,0Hz;YES;Approximate;-20,224167;-50,685667;-3:00
25;Sao Paulo;Santo Andre;UHF;PY2KSA;;439,600000;DUP-;5,000000;FM;TONE;123,0Hz;YES;Approximate;-23,769500;-46,436783;-3:00
25;Sao Paulo;Santo Andre;VHF;PY2KSA;;145,390000;DUP-;0,600000;FM;TONE;123,0Hz;YES;Approximate;-23,769500;-46,436783;-3:00
25;Sao Paulo;Santos;;PY2KFG;;146,630000;DUP-;0,600000;FM;TONE;123,0Hz;YES;Approximate;-23,964833;-46,362667;-3:00
25;Sao Paulo;Santos;;PY2KGS;;439,075000;DUP-;5,000000;FM;TONE;123,0Hz;YES;Approximate;-23,964833;-46,362167;-3:00
25;Sao Paulo;Santos;;PY2MRC B;PY2MRC G;439,775000;DUP-;5,000000;DV;OFF;88,5Hz;YES;Approximate;-23,961700;-46,328067;-3:00
25;Sao Paulo;Sao Carlos;;PY2KCI;;146,790000;DUP-;0,600000;FM;OFF;88,5Hz;YES;Approximate;-22,013800;-47,890883;-3:00
25;Sao Paulo;Sao Carlos;;PY2KFD;;146,650000;DUP-;0,600000;FM;TONE;77,0Hz;YES;Approximate;-22,018117;-47,856350;-3:00
25;Sao Paulo;Sao Carlos;;PY2KTC B;PY2KTC G;439,750000;DUP-;5,000000;DV;OFF;88,5Hz;YES;Approximate;-22,071433;-47,804033;-3:00
25;Sao Paulo;Sao Manuel;;PY2IBT;;147,210000;DUP+;0,600000;FM;TONE;77,0Hz;YES;Approximate;-22,733600;-48,628050;-3:00
25;Sao Paulo;Sao Manuel;;PY2KDN;;147,120000;DUP+;0,600000;FM;TONE;88,5Hz;YES;Approximate;-22,755467;-48,600267;-3:00
25;Sao Paulo;Sao Paulo;;;;145,250000;DUP-;0,600000;FM;TONE;123,0Hz;YES;Approximate;-23,555767;-46,639533;-3:00
25;Sao Paulo;Sao Paulo;;;;439,700000;DUP-;5,000000;FM;TONE;67,0Hz;YES;Approximate;-23,562900;-46,654700;-3:00
25;Sao Paulo;Sao Paulo;;PY2AA;;147,060000;DUP+;0,600000;FM;TONE;123,0Hz;YES;Approximate;-23,535433;-46,562100;-3:00
25;Sao Paulo;Sao Paulo;;PY2APU 1;;439,575000;DUP-;5,000000;FM;TONE;127,3Hz;YES;Approximate;-23,555767;-46,639533;-3:00
25;Sao Paulo;Sao Paulo;;PY2KGR;;439,400000;DUP-;5,000000;FM;TONE;74,4Hz;YES;Approximate;-23,562900;-46,654700;-3:00
25;Sao Paulo;Sao Paulo;;PY2KMA;;439,475000;DUP-;5,000000;FM;TONE;67,0Hz;YES;Approximate;-23,562900;-46,654700;-3:00
25;Sao Paulo;Sao Paulo;;PY2KMB;;439,725000;DUP-;5,000000;FM;TONE;77,0Hz;YES;Approximate;-23,562900;-46,654700;-3:00
25;Sao Paulo;Sao Paulo;;PY2KNF;;147,270000;DUP+;0,600000;FM;TONE;67,0Hz;YES;Approximate;-23,423650;-46,713700;-3:00
25;Sao Paulo;Sao Paulo;;PY2KPE;;439,650000;DUP-;5,000000;FM;TONE;123,0Hz;YES;Approximate;-23,562900;-46,654700;-3:00
25;Sao Paulo;Sao Paulo;;PY2KPE B;PY2KPE G;439,925000;DUP-;5,000000;DV;OFF;88,5Hz;YES;Approximate;-23,317750;-46,587200;-3:00
25;Sao Paulo;Sao Paulo;;PY2KRB;;439,050000;DUP-;5,000000;FM;TONE;67,0Hz;YES;Approximate;-23,416400;-46,708033;-3:00
25;Sao Paulo;Sao Paulo;;PY2KRP;;146,690000;DUP-;0,600000;FM;OFF;88,5Hz;YES;Approximate;-23,562900;-46,654700;-3:00
25;Sao Paulo;Sao Paulo;;PY2KRS C;PY2KRS G;146,710000;DUP-;0,600000;DV;OFF;88,5Hz;YES;Approximate;-23,596967;-46,731950;-3:00
25;Sao Paulo;Sao Paulo;;PY2KSM;;439,200000;DUP-;5,000000;FM;TONE;123,0Hz;YES;Approximate;-23,562900;-46,654700;-3:00
25;Sao Paulo;Sao Pedro;;PY2KDV;;146,730000;DUP-;0,600000;FM;TONE;77,0Hz;YES;Approximate;-22,505983;-47,949117;-3:00
25;Sao Paulo;S Bern. do Campo;;PY2RCA S;;147,150000;DUP+;0,600000;FM;TONE;123,0Hz;YES;Approximate;-23,714600;-46,521783;-3:00
25;Sao Paulo;S Cruz Palmeiras;UHF;PY2KTD;;439,625000;DUP-;5,000000;FM;TONE;77,0Hz;YES;Approximate;-21,758333;-47,241400;-3:00
25;Sao Paulo;S Cruz Palmeiras;VHF;PY2KTD;;145,350000;DUP-;0,600000;FM;TONE;77,0Hz;YES;Approximate;-21,758333;-47,241400;-3:00
25;Sao Paulo;Serra Negra;;PY2KAM;;146,910000;DUP-;0,600000;FM;TONE;82,5Hz;YES;Approximate;-22,618617;-46,676567;-3:00
25;Sao Paulo;Serra Negra;;PY2KDQ B;PY2KDQ G;439,900000;DUP-;5,000000;DV;OFF;88,5Hz;YES;Exact;-22,618667;-46,826500;-3:00
25;Sao Paulo;S Jose Rio Pardo;;PY2KID;;439,650000;DUP-;5,000000;FM;TONE;88,5Hz;YES;Approximate;-21,697517;-46,884167;-3:00
25;Sao Paulo;S Jose Rio Pardo;;PY2KPD;;146,970000;DUP-;0,600000;FM;TONE;74,4Hz;YES;Approximate;-21,595500;-46,888167;-3:00
25;Sao Paulo;S Jose Rio Preto;;PY2FEJ;;147,300000;DUP+;0,600000;FM;TONE;71,9Hz;YES;Approximate;-20,812683;-49,376533;-3:00
25;Sao Paulo;S Jose Rio Preto;;PY2FJE;;439,125000;DUP-;5,000000;FM;TONE;71,9Hz;YES;Approximate;-20,812683;-49,376533;-3:00
25;Sao Paulo;S Jose Rio Preto;;PY2KPC;;147,360000;DUP+;0,600000;FM;TONE;123,0Hz;YES;Approximate;-20,819333;-49,371500;-3:00
25;Sao Paulo;S Jose Rio Preto;;PY2KPG;;147,030000;DUP+;0,600000;FM;TONE;100,0Hz;YES;Approximate;-20,819333;-49,371500;-3:00
25;Sao Paulo;Sorocaba;UHF;PY2KPR;;439,450000;DUP-;5,000000;FM;OFF;88,5Hz;YES;Approximate;-23,506067;-47,456000;-3:00
25;Sao Paulo;Sorocaba;VHF;PY2KPR;;147,240000;DUP+;0,600000;FM;OFF;88,5Hz;YES;Approximate;-23,506067;-47,456000;-3:00
25;Sao Paulo;Taubate;;PY2APU 4;;439,175000;DUP-;5,000000;FM;TONE;127,3Hz;YES;Approximate;-23,025833;-45,556167;-3:00
25;Sao Paulo;Taubate;;PY2APU C;PY2APU G;147,030000;DUP+;0,600000;DV;OFF;88,5Hz;YES;Approximate;-23,026783;-45,526650;-3:00
25;Sao Paulo;Taubate;UHF;PY2KAP;;439,950000;DUP-;5,000000;FM;TONE;71,9Hz;YES;Approximate;-23,032167;-45,560367;-3:00
25;Sao Paulo;Taubate;VHF;PY2KAP;;146,770000;DUP-;0,600000;FM;TONE;71,9Hz;YES;Approximate;-23,032167;-45,560367;-3:00
25;Sao Paulo;Ubatuba;;PY2KDY;;439,100000;DUP-;5,000000;FM;TONE;123,0Hz;YES;Approximate;-23,454183;-45,041717;-3:00
25;Sao Paulo;Valinhos;;PY2KLM B;PY2KLM G;146,830000;DUP-;0,600000;DV;OFF;88,5Hz;YES;Approximate;-22,962600;-47,003700;-3:00
25;Sao Paulo;Valinhos;;PY2KVL B;PY2KVL G;439,725000;DUP-;5,000000;DV;OFF;88,5Hz;YES;Approximate;-22,968000;-46,952333;-3:00
25;Sao Paulo;Viradouro;;;;145,270000;DUP-;0,600000;FM;TONE;82,5Hz;YES;Approximate;-20,867833;-48,294333;-3:00
25;Sao Paulo;Votorantim;;PY2KAU;;147,030000;DUP+;0,600000;FM;TONE;74,4Hz;YES;Approximate;-23,540367;-47,443900;-3:00
25;Sao Paulo;Votuporanga;;PU2PHK B;PU2PHK G;439,000000;DUP+;0,000000;DV;OFF;88,5Hz;YES;Approximate;-20,417483;-49,984133;-3:00
25;Sao Paulo;Votuporanga;;PY2KAZ;;439,750000;DUP-;5,000000;FM;TONE;100,0Hz;YES;Approximate;-20,416833;-49,972833;-3:00
26;Sergipe;Aracaju;;;;145,090000;DUP-;0,000000;FM;OFF;88,5Hz;YES;Approximate;-10,909600;-37,074783;-3:00
26;Sergipe;Aracaju;;;;145,770000;DUP-;0,000000;FM;OFF;88,5Hz;YES;Approximate;-10,909600;-37,074783;-3:00
26;Sergipe;Aracaju;LABRE;PP6GS;;147,210000;DUP+;0,600000;FM;TONE;100,0Hz;YES;Approximate;-10,909600;-37,074783;-3:00
26;Sergipe;Aracaju;;PP6BY;;147,150000;DUP+;0,600000;FM;TONE;151,4Hz;YES;Approximate;-10,909600;-37,074783;-3:00
26;Sergipe;Barra Coqueiros;;PP6DIG;;439,500000;DUP-;5,000000;FM;TONE;67,0Hz;YES;Approximate;-10,905900;-37,027000;-3:00
26;Sergipe;Barra Coqueiros;;PP6KO;;145,370000;DUP-;0,600000;FM;OFF;88,5Hz;YES;Approximate;-10,881983;-37,004283;-3:00
26;Sergipe;Frei Paulo;LABRE;PP6AAB;;146,850000;DUP-;0,600000;FM;TONE;123,0Hz;YES;Approximate;-10,524167;-37,508167;-3:00
26;Sergipe;Itabaiana;;;;147,090000;DUP+;0,600000;FM;TONE;74,4Hz;YES;Approximate;-10,686400;-37,424800;-3:00
26;Sergipe;Itabaiana;;PP6BE;;145,430000;DUP-;0,600000;FM;OFF;88,5Hz;YES;Approximate;-10,686400;-37,424800;-3:00
26;Sergipe;N Sra da Gloria;;;;145,180000;OFF;0,000000;FM;TONE;100,0Hz;YES;Approximate;-10,217000;-37,422167;-3:00
26;Sergipe;N Sra do Socorro;;PP6DV  C;PP6DV  G;146,610000;DUP-;0,600000;DV;OFF;88,5Hz;YES;Approximate;-10,844100;-37,068400;-3:00
26;Sergipe;Salgado;;PP6GM;;145,150000;DUP-;0,000000;FM;OFF;88,5Hz;YES;Approximate;-11,026333;-37,476333;-3:00
26;Sergipe;Sto Amaro Brotas;;PP6OZ;;146,930000;DUP-;0,600000;FM;OFF;88,5Hz;YES;Approximate;-10,770283;-37,047767;-3:00
27;Tocantins;Palmas;;PQ2PWM;;146,830000;DUP-;0,600000;FM;OFF;88,5Hz;YES;Approximate;-10,168383;-48,331183;-3:00
7;Distrito Federal;Brasilia - MTD;VHF;PT2MTD C;PT2MTD G;146,610000;DUP-;0,600000;DV;OFF;88,5Hz;YES;Approximate;-15,970833;-48,054133;-3:00
13;Minas Gerais;Nova Lima;;PY4RCR C;PY4RCR G;147,000000;DUP+;0,600000;DV;OFF;88,5Hz;YES;Approximate;-19,956833;-43,825667;-3:00
16;Parana;Curitiba;;PY5AZA B;PY5AZA G;439,500000;DUP-;5,000000;DV;OFF;88,5Hz;YES;Approximate;-25,431583;-49,276100;-3:00
25;Sao Paulo;Atibaia;;PY2KJP B;PY2KJP G;439,675000;DUP-;5,000000;DV;OFF;88,5Hz;YES;Approximate;-23,122667;-46,504000;-3:00
25;Sao Paulo;Cerqueira Cesar;;PY2CQC;;145,250000;DUP-;0,600000;FM;TONE;77,0Hz;YES;Approximate;-23,069167;49,153500;-3:00
25;Sao Paulo;Joanopolis;UHF;PY2KGV;;439,350000;DUP-;5,000000;FM;TSQL;91,5Hz;YES;Approximate;-22,888583;-46,321933;-3:00
25;Sao Paulo;Joanopolis;VHF;PY2KGV;;145,310000;DUP-;0,600000;FM;TSQL;91,5Hz;YES;Approximate;-22,888583;-46,321933;-3:00
25;Sao Paulo;Mairipora;VHF;PY2KPE;;147,120000;DUP+;0,600000;FM;TONE;100,0Hz;YES;Approximate;-23,296100;-46,402767;-3:00
25;Sao Paulo;Valinhos;;PY2KLM;;146,830000;DUP-;0,600000;FM;TSQL;82,5Hz;YES;Approximate;-22,962600;-47,003700;-3:00
25;Sao Paulo;Valinhos;;PY2KVL;;439,725000;DUP-;5,000000;FM;TSQL;91,5Hz;YES;Approximate;-22,968000;-46,952333;-3:00
